point_id,phase,boundary,comparison,role,slot,order,variant,mode,target_bytes,physical_batches,writers,source_commit,source_dirty,harness_sha256,binary_sha256,runner_sha256,evaluator_sha256,correctness_sha256,captured_at_utc,hostname,kernel,cpu_model,cpu_topology,governor,rustc,llvm,cargo,build_profile,scratch_root,mount_source,mount_fstype,mount_target,device_model,scheduler,free_bytes,page_size,iov_max,corpus_seed,guard_load1,status,error,iterations,stop_reason,events,bytes,write_syscalls,short_writes,interrupted,max_iovecs,copied_bytes,barriers,cpu_ns,wall_ns,p50_ns,p95_ns,p99_ns,min_payload,max_payload,load1_before,load1_after
b00001,boundary,width_2_-1,pwritev_full_1m,baseline,1,ABBA,k_pwrite,process,140,1,1,015d813736625640f12d26c5d349b92c14fd2fb4,false,a897dfa99e98479b638409c432d3d2bc8e7ba7d5ba4e5a046dd229021f58bffd,12b1dafe765a77d1a17115b0ae12cff973f20ed7d6d770fbd790695fe081288e,afaa9ca40fef1b2a362af2af235634b472665287e554d16b829c09e1a70787ac,8d5b7eba8aea53574190e7d4a6d9e7b424bc23a9e2a0b6968a27f1772509492b,6e938dfcd266a2b0eac811d7ea7eabbd5b217965f88efa81371465134dbcab11,2026-07-15T18:15:35.087860+00:00,8o8-arch,7.0.12-arch1-1,AMD Ryzen 9 3900X 12-Core Processor,"logical=24,cores=12,sockets=1,nodes=1",performance,rustc 1.97.0 (2d8144b78 2026-07-07),22.1.6,cargo 1.97.0 (c980f4866 2026-06-30),"release,lto=thin,debug=true",/home/bob/.cache/mess-bench,/dev/nvme0n1p3,ext4,/home,Samsung SSD 970 EVO Plus 2TB,[none] mq-deadline kyber bfq,249464229888,4096,1024,payload[i]=(i*131+17)&0xff,4.23828125,accepted,,479350,bytes,479350,67109000,479350,0,0,0,0,0,424067157,431420033,760,920,1010,24,24,4.240,4.700
b00002,boundary,width_2_-1,pwritev_full_1m,candidate,2,ABBA,pwritev_full_1m,process,140,1,1,015d813736625640f12d26c5d349b92c14fd2fb4,false,a897dfa99e98479b638409c432d3d2bc8e7ba7d5ba4e5a046dd229021f58bffd,12b1dafe765a77d1a17115b0ae12cff973f20ed7d6d770fbd790695fe081288e,afaa9ca40fef1b2a362af2af235634b472665287e554d16b829c09e1a70787ac,8d5b7eba8aea53574190e7d4a6d9e7b424bc23a9e2a0b6968a27f1772509492b,6e938dfcd266a2b0eac811d7ea7eabbd5b217965f88efa81371465134dbcab11,2026-07-15T18:15:36.120215+00:00,8o8-arch,7.0.12-arch1-1,AMD Ryzen 9 3900X 12-Core Processor,"logical=24,cores=12,sockets=1,nodes=1",performance,rustc 1.97.0 (2d8144b78 2026-07-07),22.1.6,cargo 1.97.0 (c980f4866 2026-06-30),"release,lto=thin,debug=true",/home/bob/.cache/mess-bench,/dev/nvme0n1p3,ext4,/home,Samsung SSD 970 EVO Plus 2TB,[none] mq-deadline kyber bfq,249464221696,4096,1024,payload[i]=(i*131+17)&0xff,4.69970703125,accepted,,479350,bytes,479350,67109000,479350,0,0,1,0,0,473789099,480573121,850,1020,1110,24,24,4.700,4.700
b00003,boundary,width_2_-1,pwritev_full_1m,candidate,3,ABBA,pwritev_full_1m,process,140,1,1,015d813736625640f12d26c5d349b92c14fd2fb4,false,a897dfa99e98479b638409c432d3d2bc8e7ba7d5ba4e5a046dd229021f58bffd,12b1dafe765a77d1a17115b0ae12cff973f20ed7d6d770fbd790695fe081288e,afaa9ca40fef1b2a362af2af235634b472665287e554d16b829c09e1a70787ac,8d5b7eba8aea53574190e7d4a6d9e7b424bc23a9e2a0b6968a27f1772509492b,6e938dfcd266a2b0eac811d7ea7eabbd5b217965f88efa81371465134dbcab11,2026-07-15T18:15:37.150598+00:00,8o8-arch,7.0.12-arch1-1,AMD Ryzen 9 3900X 12-Core Processor,"logical=24,cores=12,sockets=1,nodes=1",performance,rustc 1.97.0 (2d8144b78 2026-07-07),22.1.6,cargo 1.97.0 (c980f4866 2026-06-30),"release,lto=thin,debug=true",/home/bob/.cache/mess-bench,/dev/nvme0n1p3,ext4,/home,Samsung SSD 970 EVO Plus 2TB,[none] mq-deadline kyber bfq,249464164352,4096,1024,payload[i]=(i*131+17)&0xff,4.69970703125,accepted,,479350,bytes,479350,67109000,479350,0,0,1,0,0,460472224,465758231,850,1020,1090,24,24,4.700,4.700
b00004,boundary,width_2_-1,pwritev_full_1m,baseline,4,ABBA,k_pwrite,process,140,1,1,015d813736625640f12d26c5d349b92c14fd2fb4,false,a897dfa99e98479b638409c432d3d2bc8e7ba7d5ba4e5a046dd229021f58bffd,12b1dafe765a77d1a17115b0ae12cff973f20ed7d6d770fbd790695fe081288e,afaa9ca40fef1b2a362af2af235634b472665287e554d16b829c09e1a70787ac,8d5b7eba8aea53574190e7d4a6d9e7b424bc23a9e2a0b6968a27f1772509492b,6e938dfcd266a2b0eac811d7ea7eabbd5b217965f88efa81371465134dbcab11,2026-07-15T18:15:38.179645+00:00,8o8-arch,7.0.12-arch1-1,AMD Ryzen 9 3900X 12-Core Processor,"logical=24,cores=12,sockets=1,nodes=1",performance,rustc 1.97.0 (2d8144b78 2026-07-07),22.1.6,cargo 1.97.0 (c980f4866 2026-06-30),"release,lto=thin,debug=true",/home/bob/.cache/mess-bench,/dev/nvme0n1p3,ext4,/home,Samsung SSD 970 EVO Plus 2TB,[none] mq-deadline kyber bfq,249464160256,4096,1024,payload[i]=(i*131+17)&0xff,4.69970703125,accepted,,479350,bytes,479350,67109000,479350,0,0,0,0,0,409217492,415127912,760,900,980,24,24,4.700,4.700
b00005,boundary,width_2_-1,copy_contiguous,candidate,1,BAAB,copy_contiguous,process,140,1,1,015d813736625640f12d26c5d349b92c14fd2fb4,false,a897dfa99e98479b638409c432d3d2bc8e7ba7d5ba4e5a046dd229021f58bffd,12b1dafe765a77d1a17115b0ae12cff973f20ed7d6d770fbd790695fe081288e,afaa9ca40fef1b2a362af2af235634b472665287e554d16b829c09e1a70787ac,8d5b7eba8aea53574190e7d4a6d9e7b424bc23a9e2a0b6968a27f1772509492b,6e938dfcd266a2b0eac811d7ea7eabbd5b217965f88efa81371465134dbcab11,2026-07-15T18:15:39.207274+00:00,8o8-arch,7.0.12-arch1-1,AMD Ryzen 9 3900X 12-Core Processor,"logical=24,cores=12,sockets=1,nodes=1",performance,rustc 1.97.0 (2d8144b78 2026-07-07),22.1.6,cargo 1.97.0 (c980f4866 2026-06-30),"release,lto=thin,debug=true",/home/bob/.cache/mess-bench,/dev/nvme0n1p3,ext4,/home,Samsung SSD 970 EVO Plus 2TB,[none] mq-deadline kyber bfq,249464156160,4096,1024,payload[i]=(i*131+17)&0xff,4.69970703125,accepted,,479350,bytes,479350,67109000,479350,0,0,0,67109000,0,430464748,440264146,780,930,1030,24,24,4.700,4.700
b00006,boundary,width_2_-1,copy_contiguous,baseline,2,BAAB,k_pwrite,process,140,1,1,015d813736625640f12d26c5d349b92c14fd2fb4,false,a897dfa99e98479b638409c432d3d2bc8e7ba7d5ba4e5a046dd229021f58bffd,12b1dafe765a77d1a17115b0ae12cff973f20ed7d6d770fbd790695fe081288e,afaa9ca40fef1b2a362af2af235634b472665287e554d16b829c09e1a70787ac,8d5b7eba8aea53574190e7d4a6d9e7b424bc23a9e2a0b6968a27f1772509492b,6e938dfcd266a2b0eac811d7ea7eabbd5b217965f88efa81371465134dbcab11,2026-07-15T18:15:40.237172+00:00,8o8-arch,7.0.12-arch1-1,AMD Ryzen 9 3900X 12-Core Processor,"logical=24,cores=12,sockets=1,nodes=1",performance,rustc 1.97.0 (2d8144b78 2026-07-07),22.1.6,cargo 1.97.0 (c980f4866 2026-06-30),"release,lto=thin,debug=true",/home/bob/.cache/mess-bench,/dev/nvme0n1p3,ext4,/home,Samsung SSD 970 EVO Plus 2TB,[none] mq-deadline kyber bfq,249464152064,4096,1024,payload[i]=(i*131+17)&0xff,4.69970703125,accepted,,479350,bytes,479350,67109000,479350,0,0,0,0,0,407613221,410900415,770,920,990,24,24,4.700,5.600
b00007,boundary,width_2_-1,copy_contiguous,baseline,3,BAAB,k_pwrite,process,140,1,1,015d813736625640f12d26c5d349b92c14fd2fb4,false,a897dfa99e98479b638409c432d3d2bc8e7ba7d5ba4e5a046dd229021f58bffd,12b1dafe765a77d1a17115b0ae12cff973f20ed7d6d770fbd790695fe081288e,afaa9ca40fef1b2a362af2af235634b472665287e554d16b829c09e1a70787ac,8d5b7eba8aea53574190e7d4a6d9e7b424bc23a9e2a0b6968a27f1772509492b,6e938dfcd266a2b0eac811d7ea7eabbd5b217965f88efa81371465134dbcab11,2026-07-15T18:15:41.264135+00:00,8o8-arch,7.0.12-arch1-1,AMD Ryzen 9 3900X 12-Core Processor,"logical=24,cores=12,sockets=1,nodes=1",performance,rustc 1.97.0 (2d8144b78 2026-07-07),22.1.6,cargo 1.97.0 (c980f4866 2026-06-30),"release,lto=thin,debug=true",/home/bob/.cache/mess-bench,/dev/nvme0n1p3,ext4,/home,Samsung SSD 970 EVO Plus 2TB,[none] mq-deadline kyber bfq,249464152064,4096,1024,payload[i]=(i*131+17)&0xff,5.60498046875,accepted,,479350,bytes,479350,67109000,479350,0,0,0,0,0,414160533,417909090,770,900,990,24,24,5.600,5.600
b00008,boundary,width_2_-1,copy_contiguous,candidate,4,BAAB,copy_contiguous,process,140,1,1,015d813736625640f12d26c5d349b92c14fd2fb4,false,a897dfa99e98479b638409c432d3d2bc8e7ba7d5ba4e5a046dd229021f58bffd,12b1dafe765a77d1a17115b0ae12cff973f20ed7d6d770fbd790695fe081288e,afaa9ca40fef1b2a362af2af235634b472665287e554d16b829c09e1a70787ac,8d5b7eba8aea53574190e7d4a6d9e7b424bc23a9e2a0b6968a27f1772509492b,6e938dfcd266a2b0eac811d7ea7eabbd5b217965f88efa81371465134dbcab11,2026-07-15T18:15:42.287462+00:00,8o8-arch,7.0.12-arch1-1,AMD Ryzen 9 3900X 12-Core Processor,"logical=24,cores=12,sockets=1,nodes=1",performance,rustc 1.97.0 (2d8144b78 2026-07-07),22.1.6,cargo 1.97.0 (c980f4866 2026-06-30),"release,lto=thin,debug=true",/home/bob/.cache/mess-bench,/dev/nvme0n1p3,ext4,/home,Samsung SSD 970 EVO Plus 2TB,[none] mq-deadline kyber bfq,249464152064,4096,1024,payload[i]=(i*131+17)&0xff,5.60498046875,accepted,,479350,bytes,479350,67109000,479350,0,0,0,67109000,0,430941348,435036120,790,960,1040,24,24,5.600,5.600
b00009,boundary,width_2_+0,pwritev_full_1m,baseline,1,ABBA,k_pwrite,process,280,2,2,015d813736625640f12d26c5d349b92c14fd2fb4,false,a897dfa99e98479b638409c432d3d2bc8e7ba7d5ba4e5a046dd229021f58bffd,12b1dafe765a77d1a17115b0ae12cff973f20ed7d6d770fbd790695fe081288e,afaa9ca40fef1b2a362af2af235634b472665287e554d16b829c09e1a70787ac,8d5b7eba8aea53574190e7d4a6d9e7b424bc23a9e2a0b6968a27f1772509492b,6e938dfcd266a2b0eac811d7ea7eabbd5b217965f88efa81371465134dbcab11,2026-07-15T18:15:43.317136+00:00,8o8-arch,7.0.12-arch1-1,AMD Ryzen 9 3900X 12-Core Processor,"logical=24,cores=12,sockets=1,nodes=1",performance,rustc 1.97.0 (2d8144b78 2026-07-07),22.1.6,cargo 1.97.0 (c980f4866 2026-06-30),"release,lto=thin,debug=true",/home/bob/.cache/mess-bench,/dev/nvme0n1p3,ext4,/home,Samsung SSD 970 EVO Plus 2TB,[none] mq-deadline kyber bfq,249464143872,4096,1024,payload[i]=(i*131+17)&0xff,5.60498046875,accepted,,239675,bytes,479350,67109000,479350,0,0,0,0,0,405619199,411422445,1480,1800,2280,24,24,5.600,5.600
b00010,boundary,width_2_+0,pwritev_full_1m,candidate,2,ABBA,pwritev_full_1m,process,280,2,2,015d813736625640f12d26c5d349b92c14fd2fb4,false,a897dfa99e98479b638409c432d3d2bc8e7ba7d5ba4e5a046dd229021f58bffd,12b1dafe765a77d1a17115b0ae12cff973f20ed7d6d770fbd790695fe081288e,afaa9ca40fef1b2a362af2af235634b472665287e554d16b829c09e1a70787ac,8d5b7eba8aea53574190e7d4a6d9e7b424bc23a9e2a0b6968a27f1772509492b,6e938dfcd266a2b0eac811d7ea7eabbd5b217965f88efa81371465134dbcab11,2026-07-15T18:15:44.348542+00:00,8o8-arch,7.0.12-arch1-1,AMD Ryzen 9 3900X 12-Core Processor,"logical=24,cores=12,sockets=1,nodes=1",performance,rustc 1.97.0 (2d8144b78 2026-07-07),22.1.6,cargo 1.97.0 (c980f4866 2026-06-30),"release,lto=thin,debug=true",/home/bob/.cache/mess-bench,/dev/nvme0n1p3,ext4,/home,Samsung SSD 970 EVO Plus 2TB,[none] mq-deadline kyber bfq,249464143872,4096,1024,payload[i]=(i*131+17)&0xff,5.60498046875,accepted,,239675,bytes,479350,67109000,239675,0,0,2,0,0,242718881,244539679,890,1100,1160,24,24,5.600,5.600
b00011,boundary,width_2_+0,pwritev_full_1m,candidate,3,ABBA,pwritev_full_1m,process,280,2,2,015d813736625640f12d26c5d349b92c14fd2fb4,false,a897dfa99e98479b638409c432d3d2bc8e7ba7d5ba4e5a046dd229021f58bffd,12b1dafe765a77d1a17115b0ae12cff973f20ed7d6d770fbd790695fe081288e,afaa9ca40fef1b2a362af2af235634b472665287e554d16b829c09e1a70787ac,8d5b7eba8aea53574190e7d4a6d9e7b424bc23a9e2a0b6968a27f1772509492b,6e938dfcd266a2b0eac811d7ea7eabbd5b217965f88efa81371465134dbcab11,2026-07-15T18:15:45.374012+00:00,8o8-arch,7.0.12-arch1-1,AMD Ryzen 9 3900X 12-Core Processor,"logical=24,cores=12,sockets=1,nodes=1",performance,rustc 1.97.0 (2d8144b78 2026-07-07),22.1.6,cargo 1.97.0 (c980f4866 2026-06-30),"release,lto=thin,debug=true",/home/bob/.cache/mess-bench,/dev/nvme0n1p3,ext4,/home,Samsung SSD 970 EVO Plus 2TB,[none] mq-deadline kyber bfq,249464143872,4096,1024,payload[i]=(i*131+17)&0xff,5.60498046875,rejected_noisy,post-row load,239675,bytes,479350,67109000,239675,0,0,2,0,0,248887583,251938664,890,1100,1190,24,24,5.600,6.680
