cell,engine,mode,payload,batch,writers,bpw,shape,rep,ev_s,wall_s,p50_us,p99_us,fsyncs,mean_fsync_us
proc-p24-b10,bare,process,24,10,4,12500,perwriter,0,2932533,0.1705,11.2,24.1,0,0.0
proc-p24-b10,log,process,24,10,4,12500,perwriter,0,520056,0.9614,67.5,190.7,0,0.0
proc-p24-b10,b0,process,24,10,4,12500,perwriter,0,764478,0.6540,46.9,79.5,0,0.0
proc-p24-b10,b1,process,24,10,4,12500,perwriter,0,919170,0.5440,39.0,70.9,0,0.0
proc-p24-b10,b0d,process,24,10,4,12500,perwriter,0,1168925,0.4277,26.4,101.5,0,0.0
proc-p24-b10,b0dth,process,24,10,4,12500,perwriter,0,1812800,0.2758,19.1,32.8,0,0.0
proc-p24-b10,b0dth,process,24,10,4,12500,perwriter,1,1752629,0.2853,19.6,34.7,0,0.0
proc-p24-b10,b0d,process,24,10,4,12500,perwriter,1,1237663,0.4040,25.8,60.9,0,0.0
proc-p24-b10,b1,process,24,10,4,12500,perwriter,1,770888,0.6486,42.2,132.6,0,0.0
proc-p24-b10,b0,process,24,10,4,12500,perwriter,1,744206,0.6719,45.3,107.2,0,0.0
proc-p24-b10,log,process,24,10,4,12500,perwriter,1,508348,0.9836,67.9,252.0,0,0.0
proc-p24-b10,bare,process,24,10,4,12500,perwriter,1,2959586,0.1689,11.2,22.8,0,0.0
proc-p24-b10,bare,process,24,10,4,12500,perwriter,2,3167268,0.1579,10.8,21.5,0,0.0
proc-p24-b10,log,process,24,10,4,12500,perwriter,2,557360,0.8971,62.0,194.9,0,0.0
proc-p24-b10,b0,process,24,10,4,12500,perwriter,2,713335,0.7009,48.3,115.3,0,0.0
proc-p24-b10,b1,process,24,10,4,12500,perwriter,2,830410,0.6021,39.8,105.7,0,0.0
proc-p24-b10,b0d,process,24,10,4,12500,perwriter,2,1314926,0.3802,26.0,55.5,0,0.0
proc-p24-b10,b0dth,process,24,10,4,12500,perwriter,2,1852386,0.2699,18.8,31.7,0,0.0
group-p24-b10,bare,group,24,10,4,500,perwriter,0,14520,1.3774,2509.6,5617.4,502,2692.1
group-p24-b10,log,group,24,10,4,500,perwriter,0,14295,1.3991,2597.7,5838.5,503,2662.8
group-p24-b10,b0,group,24,10,4,500,perwriter,0,13570,1.4739,2706.5,5908.1,501,2682.1
group-p24-b10,b1,group,24,10,4,500,perwriter,0,13787,1.4507,2716.1,4840.9,500,2645.8
group-p24-b10,b0d,group,24,10,4,500,perwriter,0,13887,1.4402,2704.2,5831.8,500,2643.2
group-p24-b10,b0dth,group,24,10,4,500,perwriter,0,13890,1.4399,2696.5,5842.4,501,2637.1
group-p24-b10,b0dth,group,24,10,4,500,perwriter,1,14491,1.3801,2692.0,5019.1,502,2493.8
group-p24-b10,b0d,group,24,10,4,500,perwriter,1,14580,1.3717,2693.4,5844.9,500,2505.2
group-p24-b10,b1,group,24,10,4,500,perwriter,1,14717,1.3589,2696.7,3605.7,500,2468.3
group-p24-b10,b0,group,24,10,4,500,perwriter,1,11226,1.7816,2970.9,11176.9,518,2853.3
group-p24-b10,log,group,24,10,4,500,perwriter,1,13843,1.4447,2615.8,4863.5,504,2733.7
group-p24-b10,bare,group,24,10,4,500,perwriter,1,14155,1.4129,2549.5,4848.3,501,2774.3
group-p24-b10,bare,group,24,10,4,500,perwriter,2,14032,1.4253,2540.8,5702.2,501,2793.7
group-p24-b10,log,group,24,10,4,500,perwriter,2,8789,2.2755,4976.1,12950.3,805,2779.6
group-p24-b10,b0,group,24,10,4,500,perwriter,2,13640,1.4663,2710.8,4910.4,500,2679.6
group-p24-b10,b1,group,24,10,4,500,perwriter,2,14696,1.3609,2698.9,2997.1,500,2469.4
group-p24-b10,b0d,group,24,10,4,500,perwriter,2,14230,1.4055,2698.8,5890.6,500,2571.0
group-p24-b10,b0dth,group,24,10,4,500,perwriter,2,14793,1.3520,2687.6,3500.1,501,2461.7
proc-p24-b100,bare,process,24,100,4,2500,perwriter,0,10107083,0.0989,27.6,51.5,0,0.0
proc-p24-b100,log,process,24,100,4,2500,perwriter,0,1969082,0.5079,148.6,326.1,0,0.0
proc-p24-b100,b0,process,24,100,4,2500,perwriter,0,2038233,0.4906,126.9,489.8,0,0.0
proc-p24-b100,b1,process,24,100,4,2500,perwriter,0,2447884,0.4085,102.7,334.5,0,0.0
proc-p24-b100,b0d,process,24,100,4,2500,perwriter,0,2880879,0.3471,90.5,215.0,0,0.0
proc-p24-b100,b0dth,process,24,100,4,2500,perwriter,0,6931808,0.1443,41.6,65.1,0,0.0
proc-p24-b100,b0dth,process,24,100,4,2500,perwriter,1,6830068,0.1464,41.2,75.3,0,0.0
proc-p24-b100,b0d,process,24,100,4,2500,perwriter,1,2905057,0.3442,89.8,203.7,0,0.0
proc-p24-b100,b1,process,24,100,4,2500,perwriter,1,2236099,0.4472,113.4,262.7,0,0.0
proc-p24-b100,b0,process,24,100,4,2500,perwriter,1,1883500,0.5309,145.5,336.8,0,0.0
proc-p24-b100,log,process,24,100,4,2500,perwriter,1,1956646,0.5111,151.5,348.8,0,0.0
proc-p24-b100,bare,process,24,100,4,2500,perwriter,1,9521221,0.1050,31.1,59.8,0,0.0
proc-p24-b100,bare,process,24,100,4,2500,perwriter,2,9330797,0.1072,31.6,65.2,0,0.0
proc-p24-b100,log,process,24,100,4,2500,perwriter,2,1910541,0.5234,151.8,308.8,0,0.0
proc-p24-b100,b0,process,24,100,4,2500,perwriter,2,2353694,0.4249,117.1,402.5,0,0.0
proc-p24-b100,b1,process,24,100,4,2500,perwriter,2,2393333,0.4178,104.5,270.4,0,0.0
proc-p24-b100,b0d,process,24,100,4,2500,perwriter,2,3020955,0.3310,86.5,204.4,0,0.0
proc-p24-b100,b0dth,process,24,100,4,2500,perwriter,2,6846221,0.1461,44.0,71.9,0,0.0
group-p24-b100,bare,group,24,100,4,500,perwriter,0,143794,1.3909,2570.1,5666.8,506,2665.2
group-p24-b100,log,group,24,100,4,500,perwriter,0,106526,1.8775,2916.2,6868.7,638,2773.9
group-p24-b100,b0,group,24,100,4,500,perwriter,0,129776,1.5411,2785.2,5516.2,500,2767.7
group-p24-b100,b1,group,24,100,4,500,perwriter,0,127488,1.5688,2779.2,8987.7,501,2793.0
group-p24-b100,b0d,group,24,100,4,500,perwriter,0,137766,1.4517,2752.5,6002.3,500,2604.5
group-p24-b100,b0dth,group,24,100,4,500,perwriter,0,140185,1.4267,2774.1,5801.6,502,2556.8
group-p24-b100,b0dth,group,24,100,4,500,perwriter,1,141593,1.4125,2715.3,3933.8,503,2518.6
group-p24-b100,b0d,group,24,100,4,500,perwriter,1,138386,1.4452,2755.0,5962.4,500,2587.8
group-p24-b100,b1,group,24,100,4,500,perwriter,1,133337,1.5000,2770.5,6328.0,500,2680.7
group-p24-b100,b0,group,24,100,4,500,perwriter,1,142705,1.4015,2755.1,3185.3,500,2488.5
group-p24-b100,log,group,24,100,4,500,perwriter,1,142494,1.4036,2696.3,3035.1,511,2493.0
group-p24-b100,bare,group,24,100,4,500,perwriter,1,144785,1.3814,2549.1,5707.3,502,2660.2
group-p24-b100,bare,group,24,100,4,500,perwriter,2,142094,1.4075,2566.6,4366.5,502,2725.5
group-p24-b100,log,group,24,100,4,500,perwriter,2,134234,1.4899,2744.5,4650.7,512,2652.5
group-p24-b100,b0,group,24,100,4,500,perwriter,2,125141,1.5982,2779.3,10653.5,500,2887.5
group-p24-b100,b1,group,24,100,4,500,perwriter,2,126733,1.5781,2798.2,6483.7,502,2816.5
group-p24-b100,b0d,group,24,100,4,500,perwriter,2,134569,1.4862,2772.2,4590.5,501,2662.5
group-p24-b100,b0dth,group,24,100,4,500,perwriter,2,137388,1.4557,2732.6,4701.1,500,2644.8
proc-p250-b10,bare,process,250,10,4,12500,perwriter,0,1900289,0.2631,18.6,32.6,0,0.0
proc-p250-b10,log,process,250,10,4,12500,perwriter,0,519492,0.9625,68.1,156.9,0,0.0
proc-p250-b10,b0,process,250,10,4,12500,perwriter,0,697077,0.7173,50.3,106.6,0,0.0
proc-p250-b10,b1,process,250,10,4,12500,perwriter,0,794895,0.6290,45.7,84.4,0,0.0
proc-p250-b10,b0d,process,250,10,4,12500,perwriter,0,1162362,0.4302,31.3,61.6,0,0.0
proc-p250-b10,b0dth,process,250,10,4,12500,perwriter,0,1358747,0.3680,26.4,48.7,0,0.0
proc-p250-b10,b0dth,process,250,10,4,12500,perwriter,1,1351352,0.3700,26.4,46.4,0,0.0
proc-p250-b10,b0d,process,250,10,4,12500,perwriter,1,1140424,0.4384,30.3,63.6,0,0.0
proc-p250-b10,b1,process,250,10,4,12500,perwriter,1,776785,0.6437,46.9,86.0,0,0.0
proc-p250-b10,b0,process,250,10,4,12500,perwriter,1,709047,0.7052,49.0,95.5,0,0.0
proc-p250-b10,log,process,250,10,4,12500,perwriter,1,554454,0.9018,65.5,123.0,0,0.0
proc-p250-b10,bare,process,250,10,4,12500,perwriter,1,1921743,0.2602,18.6,35.2,0,0.0
proc-p250-b10,bare,process,250,10,4,12500,perwriter,2,1932522,0.2587,18.5,32.0,0,0.0
proc-p250-b10,log,process,250,10,4,12500,perwriter,2,570127,0.8770,61.9,142.0,0,0.0
proc-p250-b10,b0,process,250,10,4,12500,perwriter,2,725138,0.6895,49.9,86.7,0,0.0
proc-p250-b10,b1,process,250,10,4,12500,perwriter,2,820205,0.6096,44.9,75.5,0,0.0
proc-p250-b10,b0d,process,250,10,4,12500,perwriter,2,1193095,0.4191,29.4,62.8,0,0.0
proc-p250-b10,b0dth,process,250,10,4,12500,perwriter,2,1374939,0.3637,26.0,45.2,0,0.0
group-p250-b10,bare,group,250,10,4,500,perwriter,0,12444,1.6072,2552.3,5827.2,609,2592.4
group-p250-b10,log,group,250,10,4,500,perwriter,0,14135,1.4150,2604.8,6188.7,503,2677.5
group-p250-b10,b0,group,250,10,4,500,perwriter,0,14154,1.4131,2703.1,5909.0,500,2569.4
group-p250-b10,b1,group,250,10,4,500,perwriter,0,13643,1.4660,2724.7,5139.3,500,2679.4
group-p250-b10,b0d,group,250,10,4,500,perwriter,0,13623,1.4681,2723.2,4875.1,500,2690.2
group-p250-b10,b0dth,group,250,10,4,500,perwriter,0,13380,1.4947,2716.5,5882.7,501,2737.5
group-p250-b10,b0dth,group,250,10,4,500,perwriter,1,13224,1.5124,2710.9,6394.5,500,2788.3
group-p250-b10,b0d,group,250,10,4,500,perwriter,1,13773,1.4521,2708.3,6112.1,500,2658.8
group-p250-b10,b1,group,250,10,4,500,perwriter,1,14681,1.3623,2704.1,3020.8,500,2461.5
group-p250-b10,b0,group,250,10,4,500,perwriter,1,14406,1.3883,2705.3,5964.3,500,2514.6
group-p250-b10,log,group,250,10,4,500,perwriter,1,14813,1.3502,2599.4,5830.3,503,2542.7
group-p250-b10,bare,group,250,10,4,500,perwriter,1,14582,1.3716,2500.6,5648.2,523,2571.7
group-p250-b10,bare,group,250,10,4,500,perwriter,2,13277,1.5064,2507.4,5039.9,596,2482.1
group-p250-b10,log,group,250,10,4,500,perwriter,2,8767,2.2813,4990.6,8319.8,888,2525.5
group-p250-b10,b0,group,250,10,4,500,perwriter,2,14175,1.4109,2702.4,8992.6,500,2566.4
group-p250-b10,b1,group,250,10,4,500,perwriter,2,14265,1.4020,2710.5,6132.7,500,2544.2
group-p250-b10,b0d,group,250,10,4,500,perwriter,2,14689,1.3616,2702.0,2935.2,500,2478.7
group-p250-b10,b0dth,group,250,10,4,500,perwriter,2,14360,1.3928,2697.7,5882.0,500,2544.5
proc-p250-b100,bare,process,250,100,4,2500,perwriter,0,4685649,0.2134,77.1,112.3,0,0.0
proc-p250-b100,log,process,250,100,4,2500,perwriter,0,1480965,0.6752,214.0,442.0,0,0.0
proc-p250-b100,b0,process,250,100,4,2500,perwriter,0,1569626,0.6371,192.7,359.7,0,0.0
proc-p250-b100,b1,process,250,100,4,2500,perwriter,0,1790888,0.5584,156.9,327.8,0,0.0
proc-p250-b100,b0d,process,250,100,4,2500,perwriter,0,2549078,0.3923,130.8,228.8,0,0.0
proc-p250-b100,b0dth,process,250,100,4,2500,perwriter,0,3648203,0.2741,94.2,135.0,0,0.0
proc-p250-b100,b0dth,process,250,100,4,2500,perwriter,1,3608087,0.2772,94.5,126.5,0,0.0
proc-p250-b100,b0d,process,250,100,4,2500,perwriter,1,2594929,0.3854,135.9,226.9,0,0.0
proc-p250-b100,b1,process,250,100,4,2500,perwriter,1,1811280,0.5521,151.5,394.3,0,0.0
proc-p250-b100,b0,process,250,100,4,2500,perwriter,1,1747447,0.5723,160.5,365.0,0,0.0
proc-p250-b100,log,process,250,100,4,2500,perwriter,1,1396659,0.7160,222.7,524.9,0,0.0
proc-p250-b100,bare,process,250,100,4,2500,perwriter,1,4607228,0.2171,77.8,124.5,0,0.0
proc-p250-b100,bare,process,250,100,4,2500,perwriter,2,4638734,0.2156,77.3,115.7,0,0.0
proc-p250-b100,log,process,250,100,4,2500,perwriter,2,1480972,0.6752,205.0,496.9,0,0.0
proc-p250-b100,b0,process,250,100,4,2500,perwriter,2,1560464,0.6408,189.7,449.9,0,0.0
proc-p250-b100,b1,process,250,100,4,2500,perwriter,2,1870452,0.5346,148.0,440.7,0,0.0
proc-p250-b100,b0d,process,250,100,4,2500,perwriter,2,2238667,0.4467,159.3,230.1,0,0.0
proc-p250-b100,b0dth,process,250,100,4,2500,perwriter,2,3600988,0.2777,94.7,131.9,0,0.0
group-p250-b100,bare,group,250,100,4,500,perwriter,0,127894,1.5638,2714.7,7344.2,501,2988.3
group-p250-b100,log,group,250,100,4,500,perwriter,0,114786,1.7424,3103.2,6046.3,505,3071.0
group-p250-b100,b0,group,250,100,4,500,perwriter,0,111515,1.7935,3200.2,6182.7,500,3185.5
group-p250-b100,b1,group,250,100,4,500,perwriter,0,120735,1.6565,2942.5,6126.4,501,2896.8
group-p250-b100,b0d,group,250,100,4,500,perwriter,0,120859,1.6548,2972.2,5257.7,500,2957.5
group-p250-b100,b0dth,group,250,100,4,500,perwriter,0,129287,1.5469,2882.2,6009.6,500,2765.9
group-p250-b100,b0dth,group,250,100,4,500,perwriter,1,126352,1.5829,2939.4,5118.0,500,2817.7
group-p250-b100,b0d,group,250,100,4,500,perwriter,1,120638,1.6579,2985.8,5951.8,500,2944.2
group-p250-b100,b1,group,250,100,4,500,perwriter,1,116221,1.7209,3067.9,6111.4,500,3053.2
group-p250-b100,b0,group,250,100,4,500,perwriter,1,131054,1.5261,2887.3,6242.5,503,2628.7
group-p250-b100,log,group,250,100,4,500,perwriter,1,128755,1.5533,2908.8,6102.9,514,2632.5
group-p250-b100,bare,group,250,100,4,500,perwriter,1,144834,1.3809,2684.4,5786.0,502,2604.7
group-p250-b100,bare,group,250,100,4,500,perwriter,2,143055,1.3981,2675.7,5801.4,503,2644.2
group-p250-b100,log,group,250,100,4,500,perwriter,2,121106,1.6514,2908.6,6813.5,546,2667.3
group-p250-b100,b0,group,250,100,4,500,perwriter,2,127225,1.5720,2919.0,6039.0,501,2731.4
group-p250-b100,b1,group,250,100,4,500,perwriter,2,115308,1.7345,3022.8,5939.1,501,3071.5
group-p250-b100,b0d,group,250,100,4,500,perwriter,2,133651,1.4964,2871.2,6088.1,501,2619.3
group-p250-b100,b0dth,group,250,100,4,500,perwriter,2,134865,1.4830,2882.0,6007.1,500,2626.7
proc-rr1024,bare,process,250,10,4,12500,rr1024,0,1905218,0.2624,18.8,31.7,0,0.0
proc-rr1024,log,process,250,10,4,12500,rr1024,0,447466,1.1174,79.6,169.8,0,0.0
proc-rr1024,b0,process,250,10,4,12500,rr1024,0,668386,0.7481,52.2,104.5,0,0.0
proc-rr1024,b1,process,250,10,4,12500,rr1024,0,787020,0.6353,45.4,77.4,0,0.0
proc-rr1024,b0d,process,250,10,4,12500,rr1024,0,1125812,0.4441,30.9,61.2,0,0.0
proc-rr1024,b0dth,process,250,10,4,12500,rr1024,0,1342200,0.3725,27.2,45.4,0,0.0
proc-rr1024,b0dth,process,250,10,4,12500,rr1024,1,1305361,0.3830,26.8,44.8,0,0.0
proc-rr1024,b0d,process,250,10,4,12500,rr1024,1,1114714,0.4485,31.6,59.3,0,0.0
proc-rr1024,b1,process,250,10,4,12500,rr1024,1,773114,0.6467,44.7,94.1,0,0.0
proc-rr1024,b0,process,250,10,4,12500,rr1024,1,693455,0.7210,51.9,89.9,0,0.0
proc-rr1024,log,process,250,10,4,12500,rr1024,1,476601,1.0491,76.9,134.0,0,0.0
proc-rr1024,bare,process,250,10,4,12500,rr1024,1,1938408,0.2579,18.6,31.5,0,0.0
proc-rr1024,bare,process,250,10,4,12500,rr1024,2,1871750,0.2671,19.0,32.7,0,0.0
proc-rr1024,log,process,250,10,4,12500,rr1024,2,545277,0.9170,66.1,130.4,0,0.0
proc-rr1024,b0,process,250,10,4,12500,rr1024,2,727198,0.6876,49.0,95.6,0,0.0
proc-rr1024,b1,process,250,10,4,12500,rr1024,2,831259,0.6015,44.1,80.3,0,0.0
proc-rr1024,b0d,process,250,10,4,12500,rr1024,2,1305230,0.3831,26.5,54.8,0,0.0
proc-rr1024,b0dth,process,250,10,4,12500,rr1024,2,1318195,0.3793,27.0,44.2,0,0.0
proc-hot1,bare,process,250,10,1,50000,hot1,0,738266,0.6773,11.7,24.0,0,0.0
proc-hot1,log,process,250,10,1,50000,hot1,0,266422,1.8767,34.1,64.1,0,0.0
proc-hot1,b0,process,250,10,1,50000,hot1,0,365949,1.3663,25.2,41.9,0,0.0
proc-hot1,b1,process,250,10,1,50000,hot1,0,365397,1.3684,25.5,44.2,0,0.0
proc-hot1,b0d,process,250,10,1,50000,hot1,0,548685,0.9113,16.7,31.0,0,0.0
proc-hot1,b0dth,process,250,10,1,50000,hot1,0,684858,0.7301,12.3,23.3,0,0.0
proc-hot1,b0dth,process,250,10,1,50000,hot1,1,704805,0.7094,11.5,23.5,0,0.0
proc-hot1,b0d,process,250,10,1,50000,hot1,1,596117,0.8388,14.9,27.8,0,0.0
proc-hot1,b1,process,250,10,1,50000,hot1,1,364852,1.3704,25.5,45.5,0,0.0
proc-hot1,b0,process,250,10,1,50000,hot1,1,368561,1.3566,25.3,40.9,0,0.0
proc-hot1,log,process,250,10,1,50000,hot1,1,251560,1.9876,37.3,66.7,0,0.0
proc-hot1,bare,process,250,10,1,50000,hot1,1,751087,0.6657,11.4,22.4,0,0.0
proc-hot1,bare,process,250,10,1,50000,hot1,2,766020,0.6527,11.6,22.5,0,0.0
proc-hot1,log,process,250,10,1,50000,hot1,2,280977,1.7795,32.5,60.0,0,0.0
proc-hot1,b0,process,250,10,1,50000,hot1,2,355250,1.4075,25.7,44.7,0,0.0
proc-hot1,b1,process,250,10,1,50000,hot1,2,378434,1.3212,24.6,43.5,0,0.0
proc-hot1,b0d,process,250,10,1,50000,hot1,2,599594,0.8339,14.8,29.1,0,0.0
proc-hot1,b0dth,process,250,10,1,50000,hot1,2,713061,0.7012,11.4,22.2,0,0.0
group-64w-b10,b0,group,250,10,64,100,perwriter,0,166858,0.3836,3366.1,6511.5,100,3236.1
group-64w-b10,b1,group,250,10,64,100,perwriter,0,178079,0.3594,3266.2,12106.9,100,3002.1
group-64w-b10,b0d,group,250,10,64,100,perwriter,0,191304,0.3345,3199.9,6405.8,101,2775.4
group-64w-b10,b0d,group,250,10,64,100,perwriter,1,197656,0.3238,3220.8,3801.4,100,2707.1
group-64w-b10,b1,group,250,10,64,100,perwriter,1,196257,0.3261,3234.0,3570.5,100,2677.0
group-64w-b10,b0,group,250,10,64,100,perwriter,1,194149,0.3296,3274.1,3501.5,100,2705.1
group-64w-b10,b0,group,250,10,64,100,perwriter,2,192983,0.3316,3259.8,6481.9,100,2732.3
group-64w-b10,b1,group,250,10,64,100,perwriter,2,182165,0.3513,3295.5,6613.7,100,2889.7
group-64w-b10,b0d,group,250,10,64,100,perwriter,2,198155,0.3230,3203.8,4221.6,100,2692.0
group-64w-b100,b0,group,250,100,64,50,perwriter,0,767780,0.4168,6039.2,18543.8,75,3293.8
group-64w-b100,b1,group,250,100,64,50,perwriter,0,648249,0.4936,9652.6,17738.1,101,3111.3
group-64w-b100,b0d,group,250,100,64,50,perwriter,0,997221,0.3209,5721.6,11056.4,54,3757.2
group-64w-b100,b0d,group,250,100,64,50,perwriter,1,1068979,0.2994,5737.3,9196.6,51,3565.9
group-64w-b100,b1,group,250,100,64,50,perwriter,1,734009,0.4360,7337.3,15227.6,80,3241.6
group-64w-b100,b0,group,250,100,64,50,perwriter,1,846525,0.3780,6250.4,13108.4,61,3520.6
group-64w-b100,b0,group,250,100,64,50,perwriter,2,793711,0.4032,6421.2,14386.8,66,3513.5
group-64w-b100,b1,group,250,100,64,50,perwriter,2,652439,0.4905,9634.1,15363.8,96,3168.2
group-64w-b100,b0d,group,250,100,64,50,perwriter,2,1050577,0.3046,5752.1,9400.1,51,3680.5
