cell,engine,mode,payload,batch,writers,bpw,kind,seg_mb,rep,ev_s,per_append_us,wall_s,p50_us,p99_us,fsyncs,mean_fsync_us,load1
proc-p24-b1-w1,bare,process,24,1,1,40000,stable,256,0,101967,9.8071,0.3923,8.4,18.7,0,0.0,7.31
proc-p24-b1-w1,log,process,24,1,1,40000,stable,256,0,32820,30.4691,1.2188,27.7,59.1,0,0.0,7.31
proc-p24-b1-w1,logsp,process,24,1,1,40000,stable,256,0,32620,30.6560,1.2262,27.8,58.4,0,0.0,7.31
proc-p24-b1-w1,b0d,process,24,1,1,40000,stable,256,0,78095,12.8049,0.5122,11.5,25.8,0,0.0,6.88
proc-p24-b1-w1,b0dth,process,24,1,1,40000,stable,256,0,97996,10.2045,0.4082,9.6,19.1,0,0.0,6.88
proc-p24-b1-w1,b0dth,process,24,1,1,40000,stable,256,1,97380,10.2691,0.4108,9.5,18.6,0,0.0,6.88
proc-p24-b1-w1,b0d,process,24,1,1,40000,stable,256,1,78682,12.7094,0.5084,11.6,22.9,0,0.0,6.88
proc-p24-b1-w1,logsp,process,24,1,1,40000,stable,256,1,33551,29.8052,1.1922,27.2,58.3,0,0.0,6.88
proc-p24-b1-w1,log,process,24,1,1,40000,stable,256,1,34634,28.8736,1.1549,25.7,53.8,0,0.0,6.57
proc-p24-b1-w1,bare,process,24,1,1,40000,stable,256,1,103363,9.6746,0.3870,8.8,15.8,0,0.0,6.57
proc-p24-b1-w1,bare,process,24,1,1,40000,stable,256,2,100052,9.9948,0.3998,8.8,18.0,0,0.0,6.57
proc-p24-b1-w1,log,process,24,1,1,40000,stable,256,2,35314,28.3172,1.1327,26.3,47.9,0,0.0,6.57
proc-p24-b1-w1,logsp,process,24,1,1,40000,stable,256,2,35336,28.2994,1.1320,25.7,53.6,0,0.0,6.61
proc-p24-b1-w1,b0d,process,24,1,1,40000,stable,256,2,78282,12.7743,0.5110,11.7,22.8,0,0.0,6.61
proc-p24-b1-w1,b0dth,process,24,1,1,40000,stable,256,2,101413,9.8607,0.3944,9.2,17.9,0,0.0,6.61
group-p24-b1-w1,bare,group,24,1,1,800,stable,256,0,368,2717.9357,2.1743,2478.5,5698.9,800,2696.1,6.40
group-p24-b1-w1,log,group,24,1,1,800,stable,256,0,334,2992.1613,2.3937,2691.4,5411.6,800,2930.4,5.79
group-p24-b1-w1,logsp,group,24,1,1,800,stable,256,0,330,3029.8819,2.4239,2719.9,6063.1,800,2972.4,5.49
group-p24-b1-w1,b0d,group,24,1,1,800,stable,256,0,340,2944.9210,2.3559,2693.6,5792.7,800,2722.3,5.29
group-p24-b1-w1,b0dth,group,24,1,1,800,stable,256,0,348,2874.0917,2.2993,2694.8,4812.0,800,2651.2,5.00
group-p24-b1-w1,b0dth,group,24,1,1,800,stable,256,1,343,2915.9716,2.3328,2696.8,5810.7,800,2694.3,5.00
group-p24-b1-w1,b0d,group,24,1,1,800,stable,256,1,352,2839.6474,2.2717,2673.8,5818.8,800,2616.6,4.76
group-p24-b1-w1,logsp,group,24,1,1,800,stable,256,1,397,2517.0395,2.0136,2497.4,2755.9,800,2463.6,4.70
group-p24-b1-w1,log,group,24,1,1,800,stable,256,1,393,2546.5273,2.0372,2496.6,5599.3,800,2492.6,4.28
group-p24-b1-w1,bare,group,24,1,1,800,stable,256,1,393,2545.1217,2.0361,2433.4,5600.7,800,2521.9,4.09
group-p24-b1-w1,bare,group,24,1,1,800,stable,256,2,402,2485.8792,1.9887,2465.4,3779.3,800,2461.5,3.93
group-p24-b1-w1,log,group,24,1,1,800,stable,256,2,395,2529.6953,2.0238,2496.9,2912.9,800,2478.8,3.69
group-p24-b1-w1,logsp,group,24,1,1,800,stable,256,2,383,2612.4695,2.0900,2507.2,5683.8,800,2542.8,3.56
group-p24-b1-w1,b0d,group,24,1,1,800,stable,256,2,372,2684.9862,2.1480,2674.4,3396.9,800,2458.7,3.38
group-p24-b1-w1,b0dth,group,24,1,1,800,stable,256,2,365,2739.4453,2.1916,2684.8,4881.1,800,2514.6,3.19
proc-p24-b1-w4,bare,process,24,1,4,40000,stable,256,0,327659,3.0520,0.4883,9.4,34.5,0,0.0,3.19
proc-p24-b1-w4,log,process,24,1,4,40000,stable,256,0,54116,18.4789,2.9566,60.0,396.1,0,0.0,4.54
proc-p24-b1-w4,logsp,process,24,1,4,40000,stable,256,0,61790,16.1837,2.5894,55.2,193.5,0,0.0,4.54
proc-p24-b1-w4,b0d,process,24,1,4,40000,stable,256,0,223413,4.4760,0.7162,15.2,31.2,0,0.0,4.82
proc-p24-b1-w4,b0dth,process,24,1,4,40000,stable,256,0,246904,4.0502,0.6480,14.8,28.6,0,0.0,4.82
proc-p24-b1-w4,b0dth,process,24,1,4,40000,stable,256,1,245052,4.0808,0.6529,15.1,29.2,0,0.0,4.51
proc-p24-b1-w4,b0d,process,24,1,4,40000,stable,256,1,240048,4.1658,0.6665,14.8,28.6,0,0.0,4.51
proc-p24-b1-w4,logsp,process,24,1,4,40000,stable,256,1,56720,17.6306,2.8209,57.7,375.1,0,0.0,4.51
proc-p24-b1-w4,log,process,24,1,4,40000,stable,256,1,69917,14.3026,2.2884,51.7,98.8,0,0.0,5.27
proc-p24-b1-w4,bare,process,24,1,4,40000,stable,256,1,373847,2.6749,0.4280,9.5,19.5,0,0.0,5.27
proc-p24-b1-w4,bare,process,24,1,4,40000,stable,256,2,390331,2.5619,0.4099,9.3,18.0,0,0.0,5.09
proc-p24-b1-w4,log,process,24,1,4,40000,stable,256,2,64176,15.5821,2.4931,52.9,230.4,0,0.0,5.09
proc-p24-b1-w4,logsp,process,24,1,4,40000,stable,256,2,64745,15.4452,2.4712,52.5,125.1,0,0.0,5.09
proc-p24-b1-w4,b0d,process,24,1,4,40000,stable,256,2,239861,4.1691,0.6671,15.0,29.1,0,0.0,6.12
proc-p24-b1-w4,b0dth,process,24,1,4,40000,stable,256,2,242201,4.1288,0.6606,15.0,29.3,0,0.0,6.12
group-p24-b1-w4,bare,group,24,1,4,800,stable,256,0,1492,670.3516,2.1451,2505.1,4854.5,802,2623.1,5.71
group-p24-b1-w4,log,group,24,1,4,800,stable,256,0,748,1336.6035,4.2771,5000.8,11285.2,1600,2653.4,5.50
group-p24-b1-w4,logsp,group,24,1,4,800,stable,256,0,1102,907.3645,2.9036,2824.6,7020.3,1065,2657.2,5.02
group-p24-b1-w4,b0d,group,24,1,4,800,stable,256,0,1456,686.6676,2.1973,2690.0,5754.9,800,2514.3,5.22
group-p24-b1-w4,b0dth,group,24,1,4,800,stable,256,0,1427,700.8057,2.2426,2681.8,6060.6,802,2560.1,5.28
group-p24-b1-w4,b0dth,group,24,1,4,800,stable,256,1,1481,675.1900,2.1606,2678.6,3392.4,804,2452.8,4.94
group-p24-b1-w4,b0d,group,24,1,4,800,stable,256,1,1464,683.1411,2.1861,2688.8,5804.4,800,2496.7,5.02
group-p24-b1-w4,logsp,group,24,1,4,800,stable,256,1,1467,681.4713,2.1807,2569.9,5744.3,804,2584.9,4.70
group-p24-b1-w4,log,group,24,1,4,800,stable,256,1,801,1248.5561,3.9954,4917.2,8118.2,1600,2478.2,4.56
group-p24-b1-w4,bare,group,24,1,4,800,stable,256,1,1475,677.8426,2.1691,2489.6,5701.4,850,2506.7,4.40
group-p24-b1-w4,bare,group,24,1,4,800,stable,256,2,1500,666.5707,2.1330,2495.8,4440.3,801,2623.3,5.33
group-p24-b1-w4,log,group,24,1,4,800,stable,256,2,1408,710.0640,2.2722,2600.3,4995.0,804,2705.5,4.98
group-p24-b1-w4,logsp,group,24,1,4,800,stable,256,2,1381,723.9298,2.3166,2605.9,5932.3,802,2764.6,5.36
group-p24-b1-w4,b0d,group,24,1,4,800,stable,256,2,1356,737.4672,2.3599,2717.6,5073.3,800,2717.5,5.08
group-p24-b1-w4,b0dth,group,24,1,4,800,stable,256,2,1406,711.2230,2.2759,2695.1,4724.8,803,2600.7,4.83
proc-p24-b10-w1,bare,process,24,10,1,12500,stable,256,0,796854,12.5494,0.1569,10.4,20.1,0,0.0,4.83
proc-p24-b10-w1,log,process,24,10,1,12500,stable,256,0,289499,34.5424,0.4318,30.9,59.5,0,0.0,4.77
proc-p24-b10-w1,logsp,process,24,10,1,12500,stable,256,0,321763,31.0788,0.3885,28.6,50.9,0,0.0,4.77
proc-p24-b10-w1,b0d,process,24,10,1,12500,stable,256,0,524125,19.0794,0.2385,15.2,29.4,0,0.0,4.77
proc-p24-b10-w1,b0dth,process,24,10,1,12500,stable,256,0,734182,13.6206,0.1703,10.6,22.8,0,0.0,4.77
proc-p24-b10-w1,b0dth,process,24,10,1,12500,stable,256,1,826773,12.0952,0.1512,9.3,20.1,0,0.0,4.77
proc-p24-b10-w1,b0d,process,24,10,1,12500,stable,256,1,596962,16.7515,0.2094,14.2,29.7,0,0.0,4.77
proc-p24-b10-w1,logsp,process,24,10,1,12500,stable,256,1,305927,32.6875,0.4086,30.3,53.8,0,0.0,4.77
proc-p24-b10-w1,log,process,24,10,1,12500,stable,256,1,293792,34.0377,0.4255,30.6,58.0,0,0.0,5.10
proc-p24-b10-w1,bare,process,24,10,1,12500,stable,256,1,852801,11.7261,0.1466,9.5,22.2,0,0.0,5.10
proc-p24-b10-w1,bare,process,24,10,1,12500,stable,256,2,820762,12.1838,0.1523,10.7,22.2,0,0.0,5.10
proc-p24-b10-w1,log,process,24,10,1,12500,stable,256,2,301908,33.1227,0.4140,29.8,58.9,0,0.0,5.10
proc-p24-b10-w1,logsp,process,24,10,1,12500,stable,256,2,299581,33.3800,0.4172,29.6,58.8,0,0.0,5.10
proc-p24-b10-w1,b0d,process,24,10,1,12500,stable,256,2,622888,16.0542,0.2007,12.4,27.4,0,0.0,4.94
proc-p24-b10-w1,b0dth,process,24,10,1,12500,stable,256,2,803135,12.4512,0.1556,10.2,20.9,0,0.0,4.94
group-p24-b10-w1,bare,group,24,10,1,500,stable,256,0,3914,2555.0548,1.2775,2477.1,4095.4,500,2531.9,4.86
group-p24-b10-w1,log,group,24,10,1,500,stable,256,0,3657,2734.6710,1.3673,2503.3,6981.0,500,2677.4,4.63
group-p24-b10-w1,logsp,group,24,10,1,500,stable,256,0,3796,2634.5621,1.3173,2533.8,4187.5,500,2568.3,4.42
group-p24-b10-w1,b0d,group,24,10,1,500,stable,256,0,3734,2677.9983,1.3390,2676.5,2791.0,500,2449.1,4.23
group-p24-b10-w1,b0dth,group,24,10,1,500,stable,256,0,3666,2727.4617,1.3637,2648.7,5833.3,500,2504.0,4.21
group-p24-b10-w1,b0dth,group,24,10,1,500,stable,256,1,3746,2669.3122,1.3347,2670.8,2904.0,500,2445.5,4.03
group-p24-b10-w1,b0d,group,24,10,1,500,stable,256,1,3529,2833.6492,1.4168,2659.5,5895.4,500,2604.6,4.03
group-p24-b10-w1,logsp,group,24,10,1,500,stable,256,1,3911,2556.6860,1.2783,2503.1,4789.0,500,2493.1,3.87
group-p24-b10-w1,log,group,24,10,1,500,stable,256,1,3973,2516.8948,1.2584,2499.3,3103.7,500,2458.0,3.88
group-p24-b10-w1,bare,group,24,10,1,500,stable,256,1,3915,2554.3191,1.2772,2473.0,5620.9,500,2529.3,3.89
group-p24-b10-w1,bare,group,24,10,1,500,stable,256,2,4053,2467.3081,1.2337,2467.2,2908.8,500,2441.7,3.98
group-p24-b10-w1,log,group,24,10,1,500,stable,256,2,3736,2676.4359,1.3382,2498.6,5776.9,500,2612.3,3.83
group-p24-b10-w1,logsp,group,24,10,1,500,stable,256,2,3964,2522.4966,1.2612,2505.2,2872.6,500,2456.1,3.60
group-p24-b10-w1,b0d,group,24,10,1,500,stable,256,2,3686,2712.9260,1.3565,2688.1,3900.9,500,2483.0,3.47
group-p24-b10-w1,b0dth,group,24,10,1,500,stable,256,2,3674,2721.7463,1.3609,2642.1,5847.1,500,2497.9,3.27
proc-p24-b10-w4,bare,process,24,10,4,12500,stable,256,0,2925158,3.4186,0.1709,11.6,23.3,0,0.0,3.27
proc-p24-b10-w4,log,process,24,10,4,12500,stable,256,0,662435,15.0958,0.7548,52.9,101.4,0,0.0,3.27
proc-p24-b10-w4,logsp,process,24,10,4,12500,stable,256,0,647907,15.4343,0.7717,53.7,141.9,0,0.0,3.09
proc-p24-b10-w4,b0d,process,24,10,4,12500,stable,256,0,1289602,7.7543,0.3877,25.0,58.3,0,0.0,3.09
proc-p24-b10-w4,b0dth,process,24,10,4,12500,stable,256,0,1808559,5.5293,0.2765,19.6,32.9,0,0.0,3.09
proc-p24-b10-w4,b0dth,process,24,10,4,12500,stable,256,1,1868542,5.3518,0.2676,18.6,35.6,0,0.0,3.09
proc-p24-b10-w4,b0d,process,24,10,4,12500,stable,256,1,1250403,7.9974,0.3999,25.2,73.9,0,0.0,3.09
proc-p24-b10-w4,logsp,process,24,10,4,12500,stable,256,1,634540,15.7594,0.7880,54.2,130.9,0,0.0,3.09
proc-p24-b10-w4,log,process,24,10,4,12500,stable,256,1,658411,15.1881,0.7594,52.6,122.8,0,0.0,3.08
proc-p24-b10-w4,bare,process,24,10,4,12500,stable,256,1,3023016,3.3080,0.1654,11.0,22.1,0,0.0,3.08
proc-p24-b10-w4,bare,process,24,10,4,12500,stable,256,2,2984562,3.3506,0.1675,11.6,21.8,0,0.0,3.08
proc-p24-b10-w4,log,process,24,10,4,12500,stable,256,2,659868,15.1545,0.7577,53.2,122.6,0,0.0,3.08
proc-p24-b10-w4,logsp,process,24,10,4,12500,stable,256,2,672542,14.8690,0.7434,51.7,112.6,0,0.0,3.24
proc-p24-b10-w4,b0d,process,24,10,4,12500,stable,256,2,1241707,8.0534,0.4027,26.5,56.6,0,0.0,3.24
proc-p24-b10-w4,b0dth,process,24,10,4,12500,stable,256,2,1705474,5.8635,0.2932,19.1,43.0,0,0.0,3.24
group-p24-b10-w4,bare,group,24,10,4,500,stable,256,0,14368,695.9948,1.3920,2501.6,5687.7,506,2707.1,3.06
group-p24-b10-w4,log,group,24,10,4,500,stable,256,0,14371,695.8415,1.3917,2589.8,4538.8,503,2645.0,2.89
group-p24-b10-w4,logsp,group,24,10,4,500,stable,256,0,14475,690.8453,1.3817,2598.3,4813.9,503,2629.7,2.82
group-p24-b10-w4,b0d,group,24,10,4,500,stable,256,0,13645,732.8786,1.4658,2725.7,5862.0,500,2687.1,2.91
group-p24-b10-w4,b0dth,group,24,10,4,500,stable,256,0,14205,703.9990,1.4080,2699.9,4813.8,500,2580.9,3.48
group-p24-b10-w4,b0dth,group,24,10,4,500,stable,256,1,13996,714.5102,1.4290,2689.3,8913.8,501,2613.8,3.52
group-p24-b10-w4,b0d,group,24,10,4,500,stable,256,1,14836,674.0308,1.3481,2693.4,2949.5,500,2458.6,3.52
group-p24-b10-w4,logsp,group,24,10,4,500,stable,256,1,14220,703.2407,1.4065,2590.3,5110.0,543,2475.7,3.32
group-p24-b10-w4,log,group,24,10,4,500,stable,256,1,14782,676.5194,1.3530,2595.7,5099.8,509,2502.1,3.21
group-p24-b10-w4,bare,group,24,10,4,500,stable,256,1,15543,643.3560,1.2867,2496.1,5691.9,501,2521.4,3.03
group-p24-b10-w4,bare,group,24,10,4,500,stable,256,2,14538,687.8713,1.3757,2516.2,5640.6,503,2674.2,3.11
group-p24-b10-w4,log,group,24,10,4,500,stable,256,2,14431,692.9663,1.3859,2595.6,4842.5,505,2623.4,3.02
group-p24-b10-w4,logsp,group,24,10,4,500,stable,256,2,11217,891.5435,1.7831,2685.4,8505.6,647,2674.5,2.86
group-p24-b10-w4,b0d,group,24,10,4,500,stable,256,2,13888,720.0496,1.4401,2703.1,4584.9,500,2642.3,3.03
group-p24-b10-w4,b0dth,group,24,10,4,500,stable,256,2,13459,742.9708,1.4859,2710.8,5873.5,500,2734.7,3.03
proc-p24-b100-w1,bare,process,24,100,1,2500,stable,256,0,3379558,29.5897,0.0740,16.3,30.3,0,0.0,3.19
proc-p24-b100-w1,log,process,24,100,1,2500,stable,256,0,1506100,66.3966,0.1660,55.4,97.8,0,0.0,3.19
proc-p24-b100-w1,logsp,process,24,100,1,2500,stable,256,0,1658604,60.2917,0.1507,50.6,84.5,0,0.0,3.19
proc-p24-b100-w1,b0d,process,24,100,1,2500,stable,256,0,1806167,55.3659,0.1384,38.3,58.6,0,0.0,3.19
proc-p24-b100-w1,b0dth,process,24,100,1,2500,stable,256,0,2530549,39.5171,0.0988,19.5,41.0,0,0.0,3.19
proc-p24-b100-w1,b0dth,process,24,100,1,2500,stable,256,1,2717909,36.7930,0.0920,18.7,39.4,0,0.0,3.01
proc-p24-b100-w1,b0d,process,24,100,1,2500,stable,256,1,2096619,47.6958,0.1192,31.9,56.9,0,0.0,3.01
proc-p24-b100-w1,logsp,process,24,100,1,2500,stable,256,1,1677105,59.6266,0.1491,48.7,89.0,0,0.0,3.01
proc-p24-b100-w1,log,process,24,100,1,2500,stable,256,1,1776856,56.2792,0.1407,44.2,78.8,0,0.0,3.01
proc-p24-b100-w1,bare,process,24,100,1,2500,stable,256,1,3213133,31.1223,0.0778,16.7,33.8,0,0.0,3.01
proc-p24-b100-w1,bare,process,24,100,1,2500,stable,256,2,3578144,27.9475,0.0699,15.4,35.7,0,0.0,3.01
proc-p24-b100-w1,log,process,24,100,1,2500,stable,256,2,1652393,60.5183,0.1513,50.9,93.8,0,0.0,3.01
proc-p24-b100-w1,logsp,process,24,100,1,2500,stable,256,2,1631047,61.3103,0.1533,49.6,92.8,0,0.0,3.01
proc-p24-b100-w1,b0d,process,24,100,1,2500,stable,256,2,2015707,49.6104,0.1240,36.2,59.1,0,0.0,3.01
proc-p24-b100-w1,b0dth,process,24,100,1,2500,stable,256,2,2931482,34.1124,0.0853,18.0,36.5,0,0.0,3.01
group-p24-b100-w1,bare,group,24,100,1,300,stable,256,0,39705,2518.5946,0.7556,2495.9,2730.9,300,2481.5,2.93
group-p24-b100-w1,log,group,24,100,1,300,stable,256,0,37256,2684.1629,0.8052,2513.1,5724.2,300,2593.5,2.77
group-p24-b100-w1,logsp,group,24,100,1,300,stable,256,0,36893,2710.5096,0.8132,2575.8,4405.7,300,2617.1,2.63
group-p24-b100-w1,b0d,group,24,100,1,300,stable,256,0,33402,2993.7957,0.8981,2784.6,4553.6,300,2744.0,2.66
group-p24-b100-w1,b0dth,group,24,100,1,300,stable,256,0,32164,3109.0804,0.9327,2807.6,5683.8,300,2854.5,3.33
group-p24-b100-w1,b0dth,group,24,100,1,300,stable,256,1,32641,3063.5879,0.9191,2801.6,4820.0,300,2818.0,3.22
group-p24-b100-w1,b0d,group,24,100,1,300,stable,256,1,32428,3083.7341,0.9251,2782.8,5938.5,300,2827.6,3.12
group-p24-b100-w1,logsp,group,24,100,1,300,stable,256,1,33841,2955.0302,0.8865,2613.7,5473.2,300,2859.0,3.12
group-p24-b100-w1,log,group,24,100,1,300,stable,256,1,32393,3087.0958,0.9261,2599.7,8454.6,300,3003.0,3.33
group-p24-b100-w1,bare,group,24,100,1,300,stable,256,1,34810,2872.7707,0.8618,2616.1,4975.6,300,2828.4,3.23
group-p24-b100-w1,bare,group,24,100,1,300,stable,256,2,40032,2497.9718,0.7494,2490.7,2694.3,300,2461.6,3.77
group-p24-b100-w1,log,group,24,100,1,300,stable,256,2,38610,2589.9769,0.7770,2524.1,2842.2,300,2495.1,3.77
group-p24-b100-w1,logsp,group,24,100,1,300,stable,256,2,37614,2658.6151,0.7976,2559.1,5658.1,300,2563.5,3.63
group-p24-b100-w1,b0d,group,24,100,1,300,stable,256,2,36796,2717.6521,0.8153,2697.7,2904.6,300,2463.2,3.74
group-p24-b100-w1,b0dth,group,24,100,1,300,stable,256,2,36514,2738.6687,0.8216,2694.5,3090.7,300,2493.5,3.74
proc-p24-b100-w4,bare,process,24,100,4,2500,stable,256,0,8922213,11.2080,0.1121,29.6,75.3,0,0.0,3.85
proc-p24-b100-w4,log,process,24,100,4,2500,stable,256,0,2273934,43.9766,0.4398,122.6,303.4,0,0.0,3.85
proc-p24-b100-w4,logsp,process,24,100,4,2500,stable,256,0,2165813,46.1720,0.4617,129.4,333.6,0,0.0,3.85
proc-p24-b100-w4,b0d,process,24,100,4,2500,stable,256,0,2878928,34.7351,0.3474,88.6,225.9,0,0.0,3.85
proc-p24-b100-w4,b0dth,process,24,100,4,2500,stable,256,0,6786717,14.7347,0.1473,41.4,73.4,0,0.0,3.85
proc-p24-b100-w4,b0dth,process,24,100,4,2500,stable,256,1,6885139,14.5240,0.1452,41.3,72.0,0,0.0,3.70
proc-p24-b100-w4,b0d,process,24,100,4,2500,stable,256,1,2958531,33.8006,0.3380,87.3,213.7,0,0.0,3.70
proc-p24-b100-w4,logsp,process,24,100,4,2500,stable,256,1,2213904,45.1691,0.4517,126.9,301.5,0,0.0,3.70
proc-p24-b100-w4,log,process,24,100,4,2500,stable,256,1,2084118,47.9819,0.4798,133.4,357.9,0,0.0,3.70
proc-p24-b100-w4,bare,process,24,100,4,2500,stable,256,1,8533753,11.7182,0.1172,31.2,73.2,0,0.0,3.70
proc-p24-b100-w4,bare,process,24,100,4,2500,stable,256,2,8607983,11.6171,0.1162,29.6,71.9,0,0.0,3.70
proc-p24-b100-w4,log,process,24,100,4,2500,stable,256,2,2099983,47.6194,0.4762,132.8,344.7,0,0.0,3.70
proc-p24-b100-w4,logsp,process,24,100,4,2500,stable,256,2,2167892,46.1278,0.4613,130.1,311.9,0,0.0,3.80
proc-p24-b100-w4,b0d,process,24,100,4,2500,stable,256,2,2863451,34.9229,0.3492,90.7,214.2,0,0.0,3.80
proc-p24-b100-w4,b0dth,process,24,100,4,2500,stable,256,2,6596156,15.1603,0.1516,43.0,81.2,0,0.0,3.80
group-p24-b100-w4,bare,group,24,100,4,300,stable,256,0,154106,648.9056,0.7787,2568.5,2805.8,301,2502.4,4.30
group-p24-b100-w4,log,group,24,100,4,300,stable,256,0,146616,682.0520,0.8185,2655.5,5861.5,300,2505.6,4.19
group-p24-b100-w4,logsp,group,24,100,4,300,stable,256,0,129181,774.1106,0.9289,2704.7,5914.7,305,2795.2,4.42
group-p24-b100-w4,b0d,group,24,100,4,300,stable,256,0,131031,763.1799,0.9158,2784.1,5936.5,300,2744.4,4.31
group-p24-b100-w4,b0dth,group,24,100,4,300,stable,256,0,135685,737.0023,0.8844,2781.1,4716.5,300,2668.2,4.28
group-p24-b100-w4,b0dth,group,24,100,4,300,stable,256,1,134902,741.2771,0.8895,2764.9,5186.1,301,2671.9,4.66
group-p24-b100-w4,b0d,group,24,100,4,300,stable,256,1,135341,738.8744,0.8866,2778.4,4914.6,300,2654.0,5.09
group-p24-b100-w4,logsp,group,24,100,4,300,stable,256,1,138784,720.5425,0.8647,2694.4,4698.8,300,2653.2,5.08
group-p24-b100-w4,log,group,24,100,4,300,stable,256,1,136919,730.3591,0.8764,2705.3,4522.3,301,2667.3,5.07
group-p24-b100-w4,bare,group,24,100,4,300,stable,256,1,141990,704.2773,0.8451,2511.7,8745.2,303,2703.4,5.31
group-p24-b100-w4,bare,group,24,100,4,300,stable,256,2,155595,642.6948,0.7712,2504.6,3183.5,302,2468.6,5.12
group-p24-b100-w4,log,group,24,100,4,300,stable,256,2,143046,699.0777,0.8389,2669.5,2934.5,307,2482.5,4.87
group-p24-b100-w4,logsp,group,24,100,4,300,stable,256,2,146939,680.5538,0.8167,2666.3,2925.7,301,2479.4,4.80
group-p24-b100-w4,b0d,group,24,100,4,300,stable,256,2,138844,720.2332,0.8643,2766.1,5903.2,300,2577.3,4.58
group-p24-b100-w4,b0dth,group,24,100,4,300,stable,256,2,142747,700.5396,0.8406,2755.6,4569.3,301,2509.8,4.21
proc-p24-b1000-w1,bare,process,24,1000,1,250,stable,256,0,3138613,318.6121,0.0797,59.5,112.3,0,0.0,4.21
proc-p24-b1000-w1,log,process,24,1000,1,250,stable,256,0,2865810,348.9415,0.0872,269.8,345.1,0,0.0,4.21
proc-p24-b1000-w1,logsp,process,24,1000,1,250,stable,256,0,2874963,347.8306,0.0870,278.7,406.3,0,0.0,4.21
proc-p24-b1000-w1,b0d,process,24,1000,1,250,stable,256,0,3213553,311.1821,0.0778,199.2,293.8,0,0.0,4.27
proc-p24-b1000-w1,b0dth,process,24,1000,1,250,stable,256,0,3984325,250.9836,0.0627,91.8,142.4,0,0.0,4.27
proc-p24-b1000-w1,b0dth,process,24,1000,1,250,stable,256,1,3999508,250.0308,0.0625,89.5,103.7,0,0.0,4.27
proc-p24-b1000-w1,b0d,process,24,1000,1,250,stable,256,1,2881411,347.0522,0.0868,241.5,354.9,0,0.0,4.27
proc-p24-b1000-w1,logsp,process,24,1000,1,250,stable,256,1,3039084,329.0465,0.0823,252.6,364.7,0,0.0,4.27
proc-p24-b1000-w1,log,process,24,1000,1,250,stable,256,1,2843520,351.6768,0.0879,261.1,500.0,0,0.0,4.27
proc-p24-b1000-w1,bare,process,24,1000,1,250,stable,256,1,3396732,294.4006,0.0736,61.0,120.5,0,0.0,4.27
proc-p24-b1000-w1,bare,process,24,1000,1,250,stable,256,2,3275412,305.3051,0.0763,54.8,126.0,0,0.0,4.27
proc-p24-b1000-w1,log,process,24,1000,1,250,stable,256,2,2703357,369.9105,0.0925,287.3,404.4,0,0.0,4.27
proc-p24-b1000-w1,logsp,process,24,1000,1,250,stable,256,2,2916259,342.9051,0.0857,253.6,731.6,0,0.0,4.17
proc-p24-b1000-w1,b0d,process,24,1000,1,250,stable,256,2,3601980,277.6251,0.0694,173.5,312.8,0,0.0,4.17
proc-p24-b1000-w1,b0dth,process,24,1000,1,250,stable,256,2,4658980,214.6392,0.0537,93.5,216.7,0,0.0,4.17
group-p24-b1000-w1,bare,group,24,1000,1,100,stable,256,0,358643,2788.2918,0.2788,2565.1,2700.5,100,2499.0,4.08
group-p24-b1000-w1,log,group,24,1000,1,100,stable,256,0,346603,2885.1468,0.2885,2747.6,3956.6,100,2537.5,4.08
group-p24-b1000-w1,logsp,group,24,1000,1,100,stable,256,0,328612,3043.1038,0.3043,2753.5,5918.1,100,2686.8,3.99
group-p24-b1000-w1,b0d,group,24,1000,1,100,stable,256,0,340310,2938.4939,0.2938,2850.6,3160.8,100,2506.5,3.75
group-p24-b1000-w1,b0dth,group,24,1000,1,100,stable,256,0,342228,2922.0312,0.2922,2791.6,3736.9,100,2531.6,3.61
group-p24-b1000-w1,b0dth,group,24,1000,1,100,stable,256,1,349668,2859.8563,0.2860,2779.8,2948.6,100,2497.9,3.48
group-p24-b1000-w1,b0d,group,24,1000,1,100,stable,256,1,294140,3399.7465,0.3400,2892.7,9142.2,100,2943.2,3.36
group-p24-b1000-w1,logsp,group,24,1000,1,100,stable,256,1,331238,3018.9784,0.3019,2726.9,5838.2,100,2691.4,3.25
group-p24-b1000-w1,log,group,24,1000,1,100,stable,256,1,308028,3246.4570,0.3246,2829.9,4833.9,100,2889.5,3.15
group-p24-b1000-w1,bare,group,24,1000,1,100,stable,256,1,325087,3076.0963,0.3076,2601.1,5871.4,100,2813.6,3.06
group-p24-b1000-w1,bare,group,24,1000,1,100,stable,256,2,331271,3018.6754,0.3019,2612.6,4294.9,100,2751.2,3.06
group-p24-b1000-w1,log,group,24,1000,1,100,stable,256,2,313783,3186.9187,0.3187,2831.3,5020.5,100,2814.2,2.97
group-p24-b1000-w1,logsp,group,24,1000,1,100,stable,256,2,317799,3146.6467,0.3147,2818.9,4882.4,100,2748.5,3.22
group-p24-b1000-w1,b0d,group,24,1000,1,100,stable,256,2,311847,3206.7039,0.3207,2880.4,4900.0,100,2765.3,3.36
group-p24-b1000-w1,b0dth,group,24,1000,1,100,stable,256,2,313951,3185.2120,0.3185,2844.4,4843.0,100,2788.8,3.17
proc-p24-b1000-w4,bare,process,24,1000,4,250,stable,256,0,4362323,229.2357,0.2292,718.4,1422.8,0,0.0,3.17
proc-p24-b1000-w4,log,process,24,1000,4,250,stable,256,0,3910670,255.7107,0.2557,572.6,1508.5,0,0.0,3.17
proc-p24-b1000-w4,logsp,process,24,1000,4,250,stable,256,0,3907372,255.9265,0.2559,566.4,1781.0,0,0.0,3.24
proc-p24-b1000-w4,b0d,process,24,1000,4,250,stable,256,0,4702873,212.6360,0.2126,490.7,1358.3,0,0.0,3.24
proc-p24-b1000-w4,b0dth,process,24,1000,4,250,stable,256,0,12074634,82.8182,0.0828,198.6,357.0,0,0.0,3.24
proc-p24-b1000-w4,b0dth,process,24,1000,4,250,stable,256,1,11896497,84.0584,0.0841,205.9,371.2,0,0.0,3.24
proc-p24-b1000-w4,b0d,process,24,1000,4,250,stable,256,1,4239695,235.8660,0.2359,583.4,1969.2,0,0.0,3.24
proc-p24-b1000-w4,logsp,process,24,1000,4,250,stable,256,1,3898622,256.5009,0.2565,607.4,1567.5,0,0.0,3.24
proc-p24-b1000-w4,log,process,24,1000,4,250,stable,256,1,3751980,266.5259,0.2665,592.1,1644.6,0,0.0,3.24
proc-p24-b1000-w4,bare,process,24,1000,4,250,stable,256,1,4243148,235.6741,0.2357,740.9,1552.6,0,0.0,3.30
proc-p24-b1000-w4,bare,process,24,1000,4,250,stable,256,2,4135861,241.7876,0.2418,780.6,1072.8,0,0.0,3.30
proc-p24-b1000-w4,log,process,24,1000,4,250,stable,256,2,3757179,266.1572,0.2662,637.7,1875.3,0,0.0,3.30
proc-p24-b1000-w4,logsp,process,24,1000,4,250,stable,256,2,3788162,263.9802,0.2640,550.6,1615.2,0,0.0,3.30
proc-p24-b1000-w4,b0d,process,24,1000,4,250,stable,256,2,4532523,220.6276,0.2206,486.2,1546.5,0,0.0,3.30
proc-p24-b1000-w4,b0dth,process,24,1000,4,250,stable,256,2,12068991,82.8570,0.0829,217.7,365.4,0,0.0,3.27
group-p24-b1000-w4,bare,group,24,1000,4,100,stable,256,0,968629,1032.3870,0.4130,3687.4,6615.0,100,3699.9,3.27
group-p24-b1000-w4,log,group,24,1000,4,100,stable,256,0,724235,1380.7674,0.5523,5278.5,8575.2,200,2594.3,3.33
group-p24-b1000-w4,logsp,group,24,1000,4,100,stable,256,0,768215,1301.7184,0.5207,5194.2,9745.3,154,2694.3,3.23
group-p24-b1000-w4,b0d,group,24,1000,4,100,stable,256,0,1112174,899.1399,0.3597,3280.4,3841.9,100,2704.0,3.21
group-p24-b1000-w4,b0dth,group,24,1000,4,100,stable,256,0,1088695,918.5311,0.3674,3307.4,6613.6,100,3038.5,3.03
group-p24-b1000-w4,b0dth,group,24,1000,4,100,stable,256,1,1216266,822.1887,0.3289,3212.9,3429.3,100,2699.1,2.87
group-p24-b1000-w4,b0d,group,24,1000,4,100,stable,256,1,1143481,874.5228,0.3498,3236.6,4118.3,101,2682.3,2.72
group-p24-b1000-w4,logsp,group,24,1000,4,100,stable,256,1,737222,1356.4441,0.5426,5200.1,8501.0,188,2611.2,2.82
group-p24-b1000-w4,log,group,24,1000,4,100,stable,256,1,716191,1396.2752,0.5585,5292.8,11538.3,200,2622.7,2.92
group-p24-b1000-w4,bare,group,24,1000,4,100,stable,256,1,1026420,974.2604,0.3897,3292.1,7458.9,102,3377.1,2.84
group-p24-b1000-w4,bare,group,24,1000,4,100,stable,256,2,1023881,976.6763,0.3907,3374.8,5291.5,101,3381.1,2.93
group-p24-b1000-w4,log,group,24,1000,4,100,stable,256,2,659167,1517.0667,0.6068,5573.1,8779.6,194,2861.7,2.93
group-p24-b1000-w4,logsp,group,24,1000,4,100,stable,256,2,674479,1482.6259,0.5931,5423.0,8786.8,181,2890.0,3.02
group-p24-b1000-w4,b0d,group,24,1000,4,100,stable,256,2,950626,1051.9385,0.4208,3518.3,7767.2,100,3350.7,3.10
group-p24-b1000-w4,b0dth,group,24,1000,4,100,stable,256,2,1066626,937.5358,0.3750,3306.7,5347.6,100,3145.5,3.17
proc-p250-b1-w1,bare,process,250,1,1,40000,stable,256,0,96432,10.3700,0.4148,8.9,18.0,0,0.0,3.17
proc-p250-b1-w1,log,process,250,1,1,40000,stable,256,0,35252,28.3670,1.1347,25.1,58.4,0,0.0,3.24
proc-p250-b1-w1,logsp,process,250,1,1,40000,stable,256,0,33400,29.9402,1.1976,26.7,62.9,0,0.0,3.24
proc-p250-b1-w1,b0d,process,250,1,1,40000,stable,256,0,70472,14.1899,0.5676,12.4,25.3,0,0.0,3.24
proc-p250-b1-w1,b0dth,process,250,1,1,40000,stable,256,0,98496,10.1527,0.4061,8.4,18.7,0,0.0,3.24
proc-p250-b1-w1,b0dth,process,250,1,1,40000,stable,256,1,97034,10.3056,0.4122,9.4,18.6,0,0.0,3.22
proc-p250-b1-w1,b0d,process,250,1,1,40000,stable,256,1,65357,15.3005,0.6120,12.5,33.0,0,0.0,3.22
proc-p250-b1-w1,logsp,process,250,1,1,40000,stable,256,1,33811,29.5758,1.1830,27.2,55.0,0,0.0,3.22
proc-p250-b1-w1,log,process,250,1,1,40000,stable,256,1,34012,29.4012,1.1760,26.2,61.4,0,0.0,3.22
proc-p250-b1-w1,bare,process,250,1,1,40000,stable,256,1,93818,10.6590,0.4264,9.0,21.2,0,0.0,3.12
proc-p250-b1-w1,bare,process,250,1,1,40000,stable,256,2,94735,10.5558,0.4222,8.9,21.4,0,0.0,3.12
proc-p250-b1-w1,log,process,250,1,1,40000,stable,256,2,29187,34.2622,1.3705,28.4,94.6,0,0.0,3.12
proc-p250-b1-w1,logsp,process,250,1,1,40000,stable,256,2,34668,28.8452,1.1538,25.8,56.1,0,0.0,3.03
proc-p250-b1-w1,b0d,process,250,1,1,40000,stable,256,2,78366,12.7606,0.5104,11.4,24.1,0,0.0,3.03
proc-p250-b1-w1,b0dth,process,250,1,1,40000,stable,256,2,92175,10.8489,0.4340,9.7,21.6,0,0.0,3.03
group-p250-b1-w1,bare,group,250,1,1,800,stable,256,0,383,2611.6823,2.0893,2485.2,5666.2,800,2577.5,2.95
group-p250-b1-w1,log,group,250,1,1,800,stable,256,0,396,2524.4166,2.0195,2500.5,2790.6,800,2465.5,2.87
group-p250-b1-w1,logsp,group,250,1,1,800,stable,256,0,392,2548.5718,2.0389,2502.1,5634.6,800,2491.2,3.20
group-p250-b1-w1,b0d,group,250,1,1,800,stable,256,0,355,2817.8873,2.2543,2692.4,5925.9,800,2586.9,4.08
group-p250-b1-w1,b0dth,group,250,1,1,800,stable,256,0,360,2780.7253,2.2246,2694.0,4223.9,800,2556.3,4.15
group-p250-b1-w1,b0dth,group,250,1,1,800,stable,256,1,337,2967.1086,2.3737,2686.1,5837.5,800,2742.7,4.22
group-p250-b1-w1,b0d,group,250,1,1,800,stable,256,1,339,2949.3696,2.3595,2712.2,5836.9,800,2722.9,4.44
group-p250-b1-w1,logsp,group,250,1,1,800,stable,256,1,336,2973.9653,2.3792,2661.7,5033.7,800,2915.6,4.30
group-p250-b1-w1,log,group,250,1,1,800,stable,256,1,343,2915.1283,2.3321,2573.4,8349.4,800,2840.5,4.52
group-p250-b1-w1,bare,group,250,1,1,800,stable,256,1,365,2741.7789,2.1934,2507.6,4873.5,800,2718.4,5.20
group-p250-b1-w1,bare,group,250,1,1,800,stable,256,2,401,2495.5624,1.9964,2484.1,3579.8,800,2467.2,5.41
group-p250-b1-w1,log,group,250,1,1,800,stable,256,2,387,2581.9373,2.0655,2508.3,4937.0,800,2508.5,5.21
group-p250-b1-w1,logsp,group,250,1,1,800,stable,256,2,389,2569.6472,2.0557,2500.2,5628.4,800,2513.5,5.28
group-p250-b1-w1,b0d,group,250,1,1,800,stable,256,2,372,2688.9030,2.1511,2680.1,3401.5,800,2460.0,5.41
group-p250-b1-w1,b0dth,group,250,1,1,800,stable,256,2,369,2709.1588,2.1673,2668.2,5787.5,800,2485.9,5.19
proc-p250-b1-w4,bare,process,250,1,4,40000,stable,256,0,341086,2.9318,0.4691,10.1,27.2,0,0.0,5.19
proc-p250-b1-w4,log,process,250,1,4,40000,stable,256,0,66081,15.1328,2.4213,53.4,117.1,0,0.0,5.19
proc-p250-b1-w4,logsp,process,250,1,4,40000,stable,256,0,64960,15.3940,2.4630,54.0,139.7,0,0.0,5.25
proc-p250-b1-w4,b0d,process,250,1,4,40000,stable,256,0,201982,4.9509,0.7921,16.8,37.9,0,0.0,5.47
proc-p250-b1-w4,b0dth,process,250,1,4,40000,stable,256,0,227089,4.4036,0.7046,16.2,31.3,0,0.0,5.47
proc-p250-b1-w4,b0dth,process,250,1,4,40000,stable,256,1,236814,4.2227,0.6756,15.0,30.7,0,0.0,5.47
proc-p250-b1-w4,b0d,process,250,1,4,40000,stable,256,1,216074,4.6280,0.7405,16.1,33.9,0,0.0,5.47
proc-p250-b1-w4,logsp,process,250,1,4,40000,stable,256,1,67069,14.9100,2.3856,52.6,116.8,0,0.0,5.36
proc-p250-b1-w4,log,process,250,1,4,40000,stable,256,1,65866,15.1824,2.4292,54.4,116.9,0,0.0,5.36
proc-p250-b1-w4,bare,process,250,1,4,40000,stable,256,1,351603,2.8441,0.4551,10.0,22.2,0,0.0,5.25
proc-p250-b1-w4,bare,process,250,1,4,40000,stable,256,2,353592,2.8281,0.4525,9.8,24.3,0,0.0,5.25
proc-p250-b1-w4,log,process,250,1,4,40000,stable,256,2,71712,13.9447,2.2312,51.7,90.6,0,0.0,5.25
proc-p250-b1-w4,logsp,process,250,1,4,40000,stable,256,2,68162,14.6709,2.3473,53.0,115.4,0,0.0,5.47
proc-p250-b1-w4,b0d,process,250,1,4,40000,stable,256,2,206415,4.8446,0.7751,16.6,37.7,0,0.0,5.59
proc-p250-b1-w4,b0dth,process,250,1,4,40000,stable,256,2,233487,4.2829,0.6853,15.9,30.9,0,0.0,5.59
group-p250-b1-w4,bare,group,250,1,4,800,stable,256,0,1560,641.1090,2.0515,2491.0,3237.1,801,2515.1,5.62
group-p250-b1-w4,log,group,250,1,4,800,stable,256,0,1530,653.3924,2.0909,2580.9,3145.9,803,2476.0,5.41
group-p250-b1-w4,logsp,group,250,1,4,800,stable,256,0,1504,664.9187,2.1277,2582.6,5735.1,801,2533.0,5.22
group-p250-b1-w4,b0d,group,250,1,4,800,stable,256,0,1452,688.5070,2.2032,2684.8,3007.3,800,2520.2,5.67
group-p250-b1-w4,b0dth,group,250,1,4,800,stable,256,0,1430,699.3667,2.2380,2702.4,4618.0,803,2541.4,5.29
group-p250-b1-w4,b0dth,group,250,1,4,800,stable,256,1,1429,699.8921,2.2397,2686.8,5876.9,801,2559.5,5.38
group-p250-b1-w4,b0d,group,250,1,4,800,stable,256,1,1447,691.1490,2.2117,2695.8,4564.6,800,2530.6,5.35
group-p250-b1-w4,logsp,group,250,1,4,800,stable,256,1,735,1360.1136,4.3524,5277.8,8973.3,1513,2847.5,5.05
group-p250-b1-w4,log,group,250,1,4,800,stable,256,1,1367,731.5873,2.3411,2633.9,5727.2,805,2792.1,4.89
group-p250-b1-w4,bare,group,250,1,4,800,stable,256,1,1411,708.6631,2.2677,2541.9,4788.9,801,2781.4,4.44
group-p250-b1-w4,bare,group,250,1,4,800,stable,256,2,1561,640.7069,2.0503,2499.3,5721.9,801,2511.2,4.16
group-p250-b1-w4,log,group,250,1,4,800,stable,256,2,1454,687.8034,2.2010,2594.4,5781.6,803,2612.4,4.23
group-p250-b1-w4,logsp,group,250,1,4,800,stable,256,2,1523,656.7246,2.1015,2579.2,5609.3,800,2505.1,4.05
group-p250-b1-w4,b0d,group,250,1,4,800,stable,256,2,1367,731.3680,2.3404,2701.7,5904.6,800,2692.2,3.80
group-p250-b1-w4,b0dth,group,250,1,4,800,stable,256,2,1409,709.5343,2.2705,2714.2,4407.6,800,2604.0,3.90
proc-p250-b10-w1,bare,process,250,10,1,12500,stable,256,0,667754,14.9756,0.1872,11.9,27.9,0,0.0,3.75
proc-p250-b10-w1,log,process,250,10,1,12500,stable,256,0,279533,35.7739,0.4472,33.5,64.6,0,0.0,3.75
proc-p250-b10-w1,logsp,process,250,10,1,12500,stable,256,0,278825,35.8648,0.4483,32.9,68.7,0,0.0,3.75
proc-p250-b10-w1,b0d,process,250,10,1,12500,stable,256,0,487566,20.5101,0.2564,16.9,39.3,0,0.0,3.75
proc-p250-b10-w1,b0dth,process,250,10,1,12500,stable,256,0,751404,13.3084,0.1664,11.2,24.5,0,0.0,3.75
proc-p250-b10-w1,b0dth,process,250,10,1,12500,stable,256,1,718747,13.9131,0.1739,11.5,23.8,0,0.0,3.75
proc-p250-b10-w1,b0d,process,250,10,1,12500,stable,256,1,562143,17.7891,0.2224,15.5,31.3,0,0.0,3.53
proc-p250-b10-w1,logsp,process,250,10,1,12500,stable,256,1,268207,37.2846,0.4661,34.4,68.8,0,0.0,3.53
proc-p250-b10-w1,log,process,250,10,1,12500,stable,256,1,266479,37.5264,0.4691,33.1,75.5,0,0.0,3.53
proc-p250-b10-w1,bare,process,250,10,1,12500,stable,256,1,770112,12.9851,0.1623,11.3,22.2,0,0.0,3.53
proc-p250-b10-w1,bare,process,250,10,1,12500,stable,256,2,815061,12.2690,0.1534,11.3,22.2,0,0.0,3.53
proc-p250-b10-w1,log,process,250,10,1,12500,stable,256,2,285037,35.0831,0.4385,32.0,60.5,0,0.0,3.53
proc-p250-b10-w1,logsp,process,250,10,1,12500,stable,256,2,276684,36.1424,0.4518,32.6,63.8,0,0.0,3.57
proc-p250-b10-w1,b0d,process,250,10,1,12500,stable,256,2,546633,18.2938,0.2287,17.0,31.0,0,0.0,3.57
proc-p250-b10-w1,b0dth,process,250,10,1,12500,stable,256,2,648040,15.4312,0.1929,12.6,26.2,0,0.0,3.57
group-p250-b10-w1,bare,group,250,10,1,500,stable,256,0,3925,2548.0760,1.2740,2494.0,4937.5,500,2519.5,3.68
group-p250-b10-w1,log,group,250,10,1,500,stable,256,0,3781,2645.0797,1.3225,2510.0,5847.3,500,2576.8,3.63
group-p250-b10-w1,logsp,group,250,10,1,500,stable,256,0,3929,2545.0429,1.2725,2514.4,3173.1,500,2477.1,3.50
group-p250-b10-w1,b0d,group,250,10,1,500,stable,256,0,3661,2731.7345,1.3659,2695.8,4177.0,500,2485.5,3.30
group-p250-b10-w1,b0dth,group,250,10,1,500,stable,256,0,3681,2716.7442,1.3584,2692.4,3446.6,500,2486.0,4.23
group-p250-b10-w1,b0dth,group,250,10,1,500,stable,256,1,3618,2763.7573,1.3819,2694.4,3209.4,500,2533.6,4.13
group-p250-b10-w1,b0d,group,250,10,1,500,stable,256,1,3496,2860.0383,1.4300,2698.7,5888.2,500,2625.5,4.76
group-p250-b10-w1,logsp,group,250,10,1,500,stable,256,1,3949,2532.2649,1.2661,2510.0,2774.4,500,2467.8,4.89
group-p250-b10-w1,log,group,250,10,1,500,stable,256,1,3947,2533.5165,1.2668,2514.0,2778.1,500,2463.5,4.74
group-p250-b10-w1,bare,group,250,10,1,500,stable,256,1,3853,2595.3072,1.2977,2503.6,5604.7,500,2559.7,4.60
group-p250-b10-w1,bare,group,250,10,1,500,stable,256,2,3910,2557.2471,1.2786,2490.5,5706.2,500,2530.6,4.55
group-p250-b10-w1,log,group,250,10,1,500,stable,256,2,3915,2554.3580,1.2772,2506.1,2843.6,500,2479.6,4.50
group-p250-b10-w1,logsp,group,250,10,1,500,stable,256,2,3930,2544.2304,1.2721,2503.1,3392.2,500,2475.7,4.30
group-p250-b10-w1,b0d,group,250,10,1,500,stable,256,2,3626,2757.9429,1.3790,2693.7,5810.1,500,2524.2,4.60
group-p250-b10-w1,b0dth,group,250,10,1,500,stable,256,2,3679,2718.2231,1.3591,2694.5,3141.8,500,2486.5,4.39
proc-p250-b10-w4,bare,process,250,10,4,12500,stable,512,0,1797819,5.5623,0.2781,19.3,37.2,0,0.0,4.28
proc-p250-b10-w4,log,process,250,10,4,12500,stable,512,0,601281,16.6312,0.8316,58.9,134.8,0,0.0,4.28
proc-p250-b10-w4,logsp,process,250,10,4,12500,stable,512,0,564295,17.7212,0.8861,60.1,320.0,0,0.0,4.28
proc-p250-b10-w4,b0d,process,250,10,4,12500,stable,512,0,1077289,9.2826,0.4641,31.7,63.7,0,0.0,4.42
proc-p250-b10-w4,b0dth,process,250,10,4,12500,stable,512,0,1289571,7.7545,0.3877,27.4,45.5,0,0.0,4.42
proc-p250-b10-w4,b0dth,process,250,10,4,12500,stable,512,1,1329517,7.5215,0.3761,27.1,48.7,0,0.0,4.35
proc-p250-b10-w4,b0d,process,250,10,4,12500,stable,512,1,1139682,8.7744,0.4387,30.7,64.2,0,0.0,4.35
proc-p250-b10-w4,logsp,process,250,10,4,12500,stable,512,1,587068,17.0338,0.8517,59.3,145.2,0,0.0,4.35
proc-p250-b10-w4,log,process,250,10,4,12500,stable,512,1,632035,15.8219,0.7911,56.9,113.8,0,0.0,4.48
proc-p250-b10-w4,bare,process,250,10,4,12500,stable,512,1,1837988,5.4407,0.2720,19.0,43.6,0,0.0,4.48
proc-p250-b10-w4,bare,process,250,10,4,12500,stable,512,2,1796836,5.5653,0.2783,19.3,40.2,0,0.0,4.48
proc-p250-b10-w4,log,process,250,10,4,12500,stable,512,2,576950,17.3325,0.8666,59.9,137.9,0,0.0,4.48
proc-p250-b10-w4,logsp,process,250,10,4,12500,stable,512,2,583766,17.1302,0.8565,60.4,166.1,0,0.0,4.68
proc-p250-b10-w4,b0d,process,250,10,4,12500,stable,512,2,1152122,8.6796,0.4340,29.5,67.5,0,0.0,4.68
proc-p250-b10-w4,b0dth,process,250,10,4,12500,stable,512,2,1305875,7.6577,0.3829,27.2,48.6,0,0.0,4.63
group-p250-b10-w4,bare,group,250,10,4,500,stable,256,0,15425,648.2915,1.2966,2554.6,3654.8,502,2521.4,4.34
group-p250-b10-w4,log,group,250,10,4,500,stable,256,0,14806,675.4202,1.3508,2603.9,5856.5,500,2566.7,5.27
group-p250-b10-w4,logsp,group,250,10,4,500,stable,256,0,7755,1289.4117,2.5788,5006.2,11238.2,1000,2548.3,5.22
group-p250-b10-w4,b0d,group,250,10,4,500,stable,256,0,13485,741.5418,1.4831,2769.6,4721.4,500,2714.7,5.11
group-p250-b10-w4,b0dth,group,250,10,4,500,stable,256,0,12782,782.3344,1.5647,2726.0,6178.5,502,2862.7,4.78
group-p250-b10-w4,b0dth,group,250,10,4,500,stable,256,1,13092,763.8454,1.5277,2722.7,4833.0,507,2746.2,4.64
group-p250-b10-w4,b0d,group,250,10,4,500,stable,256,1,12260,815.6365,1.6313,2874.0,6642.4,500,3013.7,4.37
group-p250-b10-w4,logsp,group,250,10,4,500,stable,256,1,12870,777.0151,1.5540,2733.6,5187.8,504,2941.4,4.42
group-p250-b10-w4,log,group,250,10,4,500,stable,256,1,9260,1079.9405,2.1599,4936.6,8359.3,798,2650.7,4.28
group-p250-b10-w4,bare,group,250,10,4,500,stable,256,1,14288,699.8858,1.3998,2590.8,4416.8,501,2726.3,4.18
group-p250-b10-w4,bare,group,250,10,4,500,stable,256,2,13796,724.8233,1.4496,2558.7,5701.4,519,2732.7,3.92
group-p250-b10-w4,log,group,250,10,4,500,stable,256,2,11420,875.6397,1.7513,2630.0,8830.7,662,2562.6,3.77
group-p250-b10-w4,logsp,group,250,10,4,500,stable,256,2,14468,691.1632,1.3823,2609.6,5876.4,502,2614.2,3.63
group-p250-b10-w4,b0d,group,250,10,4,500,stable,256,2,13827,723.2304,1.4465,2721.1,5295.3,500,2646.6,3.58
group-p250-b10-w4,b0dth,group,250,10,4,500,stable,256,2,13841,722.4873,1.4450,2713.9,5026.5,500,2646.4,3.53
proc-p250-b100-w1,bare,process,250,100,1,2500,stable,256,0,2807894,35.6139,0.0890,28.3,59.6,0,0.0,3.89
proc-p250-b100-w1,log,process,250,100,1,2500,stable,256,0,1052994,94.9673,0.2374,80.6,146.3,0,0.0,3.89
proc-p250-b100-w1,logsp,process,250,100,1,2500,stable,256,0,1167221,85.6736,0.2142,72.0,118.3,0,0.0,3.89
proc-p250-b100-w1,b0d,process,250,100,1,2500,stable,256,0,1712486,58.3946,0.1460,46.9,81.7,0,0.0,3.89
proc-p250-b100-w1,b0dth,process,250,100,1,2500,stable,256,0,2446784,40.8700,0.1022,29.7,62.2,0,0.0,3.89
proc-p250-b100-w1,b0dth,process,250,100,1,2500,stable,256,1,2491890,40.1302,0.1003,29.6,63.1,0,0.0,4.14
proc-p250-b100-w1,b0d,process,250,100,1,2500,stable,256,1,1807691,55.3192,0.1383,46.1,75.3,0,0.0,4.14
proc-p250-b100-w1,logsp,process,250,100,1,2500,stable,256,1,1086884,92.0062,0.2300,75.4,138.5,0,0.0,4.14
proc-p250-b100-w1,log,process,250,100,1,2500,stable,256,1,1061237,94.2296,0.2356,79.7,147.0,0,0.0,4.14
proc-p250-b100-w1,bare,process,250,100,1,2500,stable,256,1,2700768,37.0265,0.0926,28.3,68.4,0,0.0,4.14
proc-p250-b100-w1,bare,process,250,100,1,2500,stable,256,2,2780240,35.9681,0.0899,27.5,70.3,0,0.0,4.14
proc-p250-b100-w1,log,process,250,100,1,2500,stable,256,2,1115085,89.6792,0.2242,77.2,131.3,0,0.0,3.89
proc-p250-b100-w1,logsp,process,250,100,1,2500,stable,256,2,1268230,78.8501,0.1971,67.7,128.2,0,0.0,3.89
proc-p250-b100-w1,b0d,process,250,100,1,2500,stable,256,2,1874450,53.3490,0.1334,44.8,84.4,0,0.0,3.89
proc-p250-b100-w1,b0dth,process,250,100,1,2500,stable,256,2,2427460,41.1953,0.1030,30.4,55.3,0,0.0,3.89
group-p250-b100-w1,bare,group,250,100,1,300,stable,256,0,35023,2855.3013,0.8566,2523.2,5792.6,300,2806.0,3.73
group-p250-b100-w1,log,group,250,100,1,300,stable,256,0,35986,2778.8738,0.8337,2603.6,4558.2,300,2659.9,3.52
group-p250-b100-w1,logsp,group,250,100,1,300,stable,256,0,23500,4255.2655,1.2766,2829.1,34473.2,300,4056.1,3.47
group-p250-b100-w1,b0d,group,250,100,1,300,stable,256,0,34615,2888.8961,0.8667,2775.7,4314.3,300,2615.6,3.56
group-p250-b100-w1,b0dth,group,250,100,1,300,stable,256,0,33487,2986.2057,0.8959,2771.6,6090.6,300,2723.3,3.36
group-p250-b100-w1,b0dth,group,250,100,1,300,stable,256,1,32759,3052.5801,0.9158,2806.7,4732.2,300,2791.0,3.49
group-p250-b100-w1,b0d,group,250,100,1,300,stable,256,1,31674,3157.1907,0.9472,2818.4,8953.1,300,2876.3,3.21
group-p250-b100-w1,logsp,group,250,100,1,300,stable,256,1,32266,3099.2336,0.9298,2709.5,7305.1,300,2968.1,4.39
group-p250-b100-w1,log,group,250,100,1,300,stable,256,1,33283,3004.5767,0.9014,2612.5,5756.3,300,2875.9,4.28
group-p250-b100-w1,bare,group,250,100,1,300,stable,256,1,34042,2937.5268,0.8813,2641.5,4562.2,300,2882.8,4.34
group-p250-b100-w1,bare,group,250,100,1,300,stable,256,2,35108,2848.3813,0.8545,2601.0,5590.4,300,2789.0,4.15
group-p250-b100-w1,log,group,250,100,1,300,stable,256,2,34433,2904.2248,0.8713,2634.0,5778.6,300,2780.9,4.30
group-p250-b100-w1,logsp,group,250,100,1,300,stable,256,2,35549,2813.0147,0.8439,2599.6,4739.4,300,2703.3,4.11
group-p250-b100-w1,b0d,group,250,100,1,300,stable,256,2,32876,3041.6867,0.9125,2779.9,5977.9,300,2769.3,4.03
group-p250-b100-w1,b0dth,group,250,100,1,300,stable,256,2,31793,3145.3697,0.9436,2804.5,5872.2,300,2874.0,3.78
proc-p250-b100-w4,bare,process,250,100,4,2500,stable,1024,0,4269019,23.4246,0.2342,82.0,163.5,0,0.0,3.78
proc-p250-b100-w4,log,process,250,100,4,2500,stable,1024,0,1752458,57.0627,0.5706,168.0,379.7,0,0.0,3.96
proc-p250-b100-w4,logsp,process,250,100,4,2500,stable,1024,0,1624760,61.5475,0.6155,176.3,814.9,0,0.0,3.96
proc-p250-b100-w4,b0d,process,250,100,4,2500,stable,1024,0,2339600,42.7423,0.4274,144.1,319.7,0,0.0,3.96
proc-p250-b100-w4,b0dth,process,250,100,4,2500,stable,1024,0,3597749,27.7952,0.2780,95.2,153.3,0,0.0,3.96
proc-p250-b100-w4,b0dth,process,250,100,4,2500,stable,1024,1,3767089,26.5457,0.2655,93.5,158.9,0,0.0,3.72
proc-p250-b100-w4,b0d,process,250,100,4,2500,stable,1024,1,2235890,44.7249,0.4472,156.9,285.9,0,0.0,3.72
proc-p250-b100-w4,logsp,process,250,100,4,2500,stable,1024,1,1728585,57.8508,0.5785,170.0,405.4,0,0.0,3.72
proc-p250-b100-w4,log,process,250,100,4,2500,stable,1024,1,1700417,58.8091,0.5881,174.5,446.6,0,0.0,3.72
proc-p250-b100-w4,bare,process,250,100,4,2500,stable,1024,1,4391920,22.7691,0.2277,79.2,129.2,0,0.0,4.23
proc-p250-b100-w4,bare,process,250,100,4,2500,stable,1024,2,4352199,22.9769,0.2298,79.5,119.8,0,0.0,4.23
proc-p250-b100-w4,log,process,250,100,4,2500,stable,1024,2,1708830,58.5196,0.5852,170.6,356.7,0,0.0,4.23
proc-p250-b100-w4,logsp,process,250,100,4,2500,stable,1024,2,1693724,59.0415,0.5904,171.8,657.8,0,0.0,4.53
proc-p250-b100-w4,b0d,process,250,100,4,2500,stable,1024,2,2360515,42.3636,0.4236,148.1,243.5,0,0.0,4.53
proc-p250-b100-w4,b0dth,process,250,100,4,2500,stable,1024,2,3628200,27.5619,0.2756,94.3,152.2,0,0.0,4.57
group-p250-b100-w4,bare,group,250,100,4,300,stable,256,0,127532,784.1180,0.9409,2788.9,5897.4,301,2972.1,4.57
group-p250-b100-w4,log,group,250,100,4,300,stable,256,0,67652,1478.1483,1.7738,5581.3,8968.4,600,2881.7,4.60
group-p250-b100-w4,logsp,group,250,100,4,300,stable,256,0,114012,877.0986,1.0525,3046.9,7051.6,302,3153.6,4.87
group-p250-b100-w4,b0d,group,250,100,4,300,stable,256,0,118778,841.9041,1.0103,3012.3,6567.3,300,3001.9,4.72
group-p250-b100-w4,b0dth,group,250,100,4,300,stable,256,0,121729,821.4947,0.9858,2983.9,6065.9,300,2939.2,4.66
group-p250-b100-w4,b0dth,group,250,100,4,300,stable,256,1,118603,843.1522,1.0118,3010.6,6004.2,301,3011.6,4.61
group-p250-b100-w4,b0d,group,250,100,4,300,stable,256,1,112758,886.8566,1.0642,3129.1,6749.2,300,3191.7,4.72
group-p250-b100-w4,logsp,group,250,100,4,300,stable,256,1,108331,923.0951,1.1077,3262.5,6685.3,301,3323.2,4.98
group-p250-b100-w4,log,group,250,100,4,300,stable,256,1,106542,938.5948,1.1263,3527.0,5745.8,301,3406.8,4.99
group-p250-b100-w4,bare,group,250,100,4,300,stable,256,1,119085,839.7376,1.0077,2991.4,5896.4,305,3155.1,5.07
group-p250-b100-w4,bare,group,250,100,4,300,stable,256,2,122693,815.0432,0.9781,2949.9,5901.8,301,3091.4,5.14
group-p250-b100-w4,log,group,250,100,4,300,stable,256,2,124043,806.1737,0.9674,2866.9,6040.6,330,2630.1,4.97
group-p250-b100-w4,logsp,group,250,100,4,300,stable,256,2,74814,1336.6417,1.6040,5167.1,11405.5,600,2598.3,4.65
group-p250-b100-w4,b0d,group,250,100,4,300,stable,256,2,133413,749.5495,0.8995,2893.0,5970.4,301,2615.5,4.52
group-p250-b100-w4,b0dth,group,250,100,4,300,stable,256,2,133324,750.0525,0.9001,2897.5,5990.0,301,2633.6,4.32
proc-p250-b1000-w1,bare,process,250,1000,1,250,stable,256,0,2918502,342.6415,0.0857,143.2,186.0,0,0.0,4.32
proc-p250-b1000-w1,log,process,250,1000,1,250,stable,256,0,2469592,404.9252,0.1012,299.0,495.5,0,0.0,4.32
proc-p250-b1000-w1,logsp,process,250,1000,1,250,stable,256,0,2588485,386.3263,0.0966,297.6,407.2,0,0.0,4.29
proc-p250-b1000-w1,b0d,process,250,1000,1,250,stable,256,0,2901751,344.6195,0.0862,246.4,435.2,0,0.0,4.29
proc-p250-b1000-w1,b0dth,process,250,1000,1,250,stable,256,0,3547297,281.9048,0.0705,200.7,659.2,0,0.0,4.29
proc-p250-b1000-w1,b0dth,process,250,1000,1,250,stable,256,1,3592742,278.3389,0.0696,195.2,283.6,0,0.0,4.29
proc-p250-b1000-w1,b0d,process,250,1000,1,250,stable,256,1,2924822,341.9011,0.0855,244.6,377.7,0,0.0,4.29
proc-p250-b1000-w1,logsp,process,250,1000,1,250,stable,256,1,1867017,535.6138,0.1339,457.3,651.4,0,0.0,4.29
proc-p250-b1000-w1,log,process,250,1000,1,250,stable,256,1,2384422,419.3888,0.1048,302.2,583.9,0,0.0,4.29
proc-p250-b1000-w1,bare,process,250,1000,1,250,stable,256,1,2560797,390.5035,0.0976,156.1,845.9,0,0.0,4.29
proc-p250-b1000-w1,bare,process,250,1000,1,250,stable,256,2,2596585,385.1212,0.0963,156.3,341.4,0,0.0,4.03
proc-p250-b1000-w1,log,process,250,1000,1,250,stable,256,2,2216684,451.1243,0.1128,348.3,678.3,0,0.0,4.03
proc-p250-b1000-w1,logsp,process,250,1000,1,250,stable,256,2,2274499,439.6572,0.1099,339.8,585.6,0,0.0,4.03
proc-p250-b1000-w1,b0d,process,250,1000,1,250,stable,256,2,2380926,420.0047,0.1050,333.3,496.6,0,0.0,4.03
proc-p250-b1000-w1,b0dth,process,250,1000,1,250,stable,256,2,3198056,312.6899,0.0782,199.9,303.8,0,0.0,4.03
group-p250-b1000-w1,bare,group,250,1000,1,100,stable,256,0,234897,4257.1806,0.4257,4336.9,5800.4,100,3915.5,4.35
group-p250-b1000-w1,log,group,250,1000,1,100,stable,256,0,231367,4322.1345,0.4322,3732.2,6433.6,100,3831.1,4.08
group-p250-b1000-w1,logsp,group,250,1000,1,100,stable,256,0,229580,4355.7767,0.4356,3784.9,6532.3,100,3807.7,3.83
group-p250-b1000-w1,b0d,group,250,1000,1,100,stable,256,0,206618,4839.8471,0.4840,4719.4,7295.4,100,4258.0,3.60
group-p250-b1000-w1,b0dth,group,250,1000,1,100,stable,256,0,301311,3318.8260,0.3319,3180.7,3397.5,100,2810.7,3.64
group-p250-b1000-w1,b0dth,group,250,1000,1,100,stable,256,1,294896,3391.0203,0.3391,3185.5,3513.8,100,2884.0,3.42
group-p250-b1000-w1,b0d,group,250,1000,1,100,stable,256,1,223622,4471.8261,0.4472,4380.9,6839.4,100,3880.9,3.42
group-p250-b1000-w1,logsp,group,250,1000,1,100,stable,256,1,205915,4856.3705,0.4856,4753.6,7611.0,100,4268.7,3.39
group-p250-b1000-w1,log,group,250,1000,1,100,stable,256,1,213118,4692.2471,0.4692,4580.0,8385.6,100,4132.7,3.96
group-p250-b1000-w1,bare,group,250,1000,1,100,stable,256,1,237461,4211.2119,0.4211,4312.7,6142.8,100,3850.6,3.65
group-p250-b1000-w1,bare,group,250,1000,1,100,stable,256,2,220823,4528.5059,0.4529,4293.1,7436.9,100,4171.6,4.00
group-p250-b1000-w1,log,group,250,1000,1,100,stable,256,2,293058,3412.2919,0.3412,3222.0,3430.3,100,2859.6,7.25
group-p250-b1000-w1,logsp,group,250,1000,1,100,stable,256,2,303755,3292.1279,0.3292,3171.8,3468.3,100,2761.6,7.31
group-p250-b1000-w1,b0d,group,250,1000,1,100,stable,256,2,286636,3488.7502,0.3489,3213.2,6362.0,100,2939.2,7.20
group-p250-b1000-w1,b0dth,group,250,1000,1,100,stable,256,2,306650,3261.0476,0.3261,3171.6,3603.9,100,2780.2,6.70
proc-p250-b1000-w4,bare,process,250,1000,4,250,stable,1024,0,3199001,312.5975,0.3126,1032.8,2677.3,0,0.0,6.70
proc-p250-b1000-w4,log,process,250,1000,4,250,stable,1024,0,2823387,354.1845,0.3542,923.9,2234.3,0,0.0,6.70
proc-p250-b1000-w4,logsp,process,250,1000,4,250,stable,1024,0,2841675,351.9052,0.3519,911.4,2357.5,0,0.0,6.70
proc-p250-b1000-w4,b0d,process,250,1000,4,250,stable,1024,0,4124021,242.4818,0.2425,801.7,1309.8,0,0.0,6.49
proc-p250-b1000-w4,b0dth,process,250,1000,4,250,stable,1024,0,5256874,190.2271,0.1902,655.7,943.3,0,0.0,6.49
proc-p250-b1000-w4,b0dth,process,250,1000,4,250,stable,1024,1,5096371,196.2181,0.1962,636.4,845.6,0,0.0,6.49
proc-p250-b1000-w4,b0d,process,250,1000,4,250,stable,1024,1,3466962,288.4370,0.2884,914.3,1726.3,0,0.0,6.49
proc-p250-b1000-w4,logsp,process,250,1000,4,250,stable,1024,1,3079878,324.6881,0.3247,866.1,1862.4,0,0.0,6.49
proc-p250-b1000-w4,log,process,250,1000,4,250,stable,1024,1,2790241,358.3919,0.3584,910.2,2471.6,0,0.0,6.49
proc-p250-b1000-w4,bare,process,250,1000,4,250,stable,1024,1,3212305,311.3029,0.3113,1040.7,1665.0,0,0.0,6.53
proc-p250-b1000-w4,bare,process,250,1000,4,250,stable,1024,2,3339758,299.4229,0.2994,1003.7,1323.4,0,0.0,6.65
proc-p250-b1000-w4,log,process,250,1000,4,250,stable,1024,2,2872694,348.1053,0.3481,914.1,2216.7,0,0.0,6.65
proc-p250-b1000-w4,logsp,process,250,1000,4,250,stable,1024,2,2939096,340.2407,0.3402,907.3,2196.2,0,0.0,6.43
proc-p250-b1000-w4,b0d,process,250,1000,4,250,stable,1024,2,3318277,301.3612,0.3014,1019.0,1944.6,0,0.0,6.43
proc-p250-b1000-w4,b0dth,process,250,1000,4,250,stable,1024,2,5346351,187.0435,0.1870,648.5,906.0,0,0.0,6.43
group-p250-b1000-w4,bare,group,250,1000,4,100,stable,512,0,637544,1568.5198,0.6274,6154.1,8351.5,102,5279.5,6.00
group-p250-b1000-w4,log,group,250,1000,4,100,stable,512,0,475610,2102.5625,0.8410,6525.0,13952.7,199,3840.9,5.68
group-p250-b1000-w4,logsp,group,250,1000,4,100,stable,512,0,346199,2888.5104,1.1554,11323.9,14915.2,189,5596.3,5.62
group-p250-b1000-w4,b0d,group,250,1000,4,100,stable,512,0,463174,2159.0153,0.8636,7123.2,15349.5,122,5871.9,5.73
group-p250-b1000-w4,b0dth,group,250,1000,4,100,stable,512,0,926750,1079.0391,0.4316,3875.0,7212.8,100,3238.8,5.43
group-p250-b1000-w4,b0dth,group,250,1000,4,100,stable,512,1,550241,1817.3845,0.7270,7098.8,8521.0,100,6232.2,5.16
group-p250-b1000-w4,b0d,group,250,1000,4,100,stable,512,1,484038,2065.9533,0.8264,7657.1,13856.0,104,6522.6,4.53
group-p250-b1000-w4,logsp,group,250,1000,4,100,stable,512,1,284939,3509.5267,1.4038,13629.2,19983.0,200,6599.3,4.33
group-p250-b1000-w4,log,group,250,1000,4,100,stable,512,1,313736,3187.3926,1.2750,12776.8,16066.7,200,5966.1,4.14
group-p250-b1000-w4,bare,group,250,1000,4,100,stable,512,1,1001176,998.8254,0.3995,3710.9,7242.5,101,3075.7,3.97
group-p250-b1000-w4,bare,group,250,1000,4,100,stable,512,2,666709,1499.9054,0.6000,5895.1,13011.9,101,5097.1,3.97
group-p250-b1000-w4,log,group,250,1000,4,100,stable,512,2,438446,2280.7803,0.9123,8580.9,13586.6,199,4138.8,3.98
group-p250-b1000-w4,logsp,group,250,1000,4,100,stable,512,2,528679,1891.5055,0.7566,7616.7,10560.4,155,3942.7,3.98
group-p250-b1000-w4,b0d,group,250,1000,4,100,stable,512,2,881368,1134.6001,0.4538,4003.9,7853.6,104,3010.7,3.90
group-p250-b1000-w4,b0dth,group,250,1000,4,100,stable,512,2,965227,1036.0259,0.4144,3957.9,7106.0,100,3008.2,3.75
convoy-b10-w1,bare,group,250,10,1,2000,stable,256,0,3350,2984.9958,5.9700,2642.2,5727.7,2000,2957.3,7.22
convoy-b10-w1,log,group,250,10,1,2000,stable,256,0,3263,3064.2592,6.1285,2722.0,5717.6,2000,2997.6,6.88
convoy-b10-w1,b0d,group,250,10,1,2000,stable,256,0,3443,2904.6103,5.8092,2702.8,5823.8,2000,2673.4,6.35
convoy-b10-w1,b0d,group,250,10,1,2000,stable,256,1,3636,2750.2005,5.5004,2693.9,5788.0,2000,2518.5,5.91
convoy-b10-w1,log,group,250,10,1,2000,stable,256,1,3883,2575.1646,5.1503,2509.6,5622.4,2000,2508.5,6.02
convoy-b10-w1,bare,group,250,10,1,2000,stable,256,1,3958,2526.7747,5.0535,2482.7,5554.0,2000,2500.5,5.62
convoy-b10-w1,bare,group,250,10,1,2000,stable,256,2,3938,2539.6651,5.0793,2486.3,5610.7,2000,2513.8,5.21
convoy-b10-w1,log,group,250,10,1,2000,stable,256,2,3902,2562.9971,5.1260,2503.6,5615.7,2000,2499.9,4.94
convoy-b10-w1,b0d,group,250,10,1,2000,stable,256,2,3459,2890.8400,5.7817,2702.3,5754.9,2000,2661.4,4.94
convoy-b10-w4,bare,group,250,10,4,500,stable,256,0,14020,713.2550,1.4265,2531.1,5714.8,502,2787.1,6.55
convoy-b10-w4,log,group,250,10,4,500,stable,256,0,14000,714.3096,1.4286,2617.9,4770.1,509,2651.8,6.19
convoy-b10-w4,b0d,group,250,10,4,500,stable,256,0,14660,682.1479,1.3643,2703.3,3300.6,500,2480.7,5.85
convoy-b10-w4,b0d,group,250,10,4,500,stable,256,1,14114,708.4977,1.4170,2703.1,6008.0,500,2589.3,5.54
convoy-b10-w4,log,group,250,10,4,500,stable,256,1,8589,1164.2983,2.3286,4983.1,11184.7,903,2541.2,5.26
convoy-b10-w4,bare,group,250,10,4,500,stable,256,1,15790,633.3287,1.2667,2503.4,2701.6,501,2473.1,5.08
convoy-b10-w4,bare,group,250,10,4,500,stable,256,2,9487,1054.0313,2.1081,4936.2,8223.8,816,2552.6,5.55
convoy-b10-w4,log,group,250,10,4,500,stable,256,2,14784,676.3988,1.3528,2600.0,5709.0,504,2546.9,6.12
convoy-b10-w4,b0d,group,250,10,4,500,stable,256,2,14379,695.4526,1.3909,2703.1,5917.6,500,2536.5,5.71
convoy-b10-w8,bare,group,250,10,8,250,stable,256,0,30947,323.1324,0.6463,2559.5,2811.8,252,2485.4,5.42
convoy-b10-w8,log,group,250,10,8,250,stable,256,0,16759,596.6910,1.1934,4998.5,11153.0,455,2543.5,5.54
convoy-b10-w8,b0d,group,250,10,8,250,stable,256,0,28130,355.4921,0.7110,2706.0,8905.9,250,2582.6,5.42
convoy-b10-w8,b0d,group,250,10,8,250,stable,256,1,29148,343.0825,0.6862,2717.8,2981.5,250,2478.5,5.14
convoy-b10-w8,log,group,250,10,8,250,stable,256,1,25800,387.6031,0.7752,2717.1,8210.4,272,2584.0,4.89
convoy-b10-w8,bare,group,250,10,8,250,stable,256,1,30168,331.4765,0.6630,2503.7,5684.9,251,2574.2,4.66
convoy-b10-w8,bare,group,250,10,8,250,stable,256,2,31076,321.7932,0.6436,2516.4,2826.0,251,2496.8,4.45
convoy-b10-w8,log,group,250,10,8,250,stable,256,2,28192,354.7156,0.7094,2705.0,5258.6,259,2487.2,4.49
convoy-b10-w8,b0d,group,250,10,8,250,stable,256,2,29195,342.5234,0.6850,2705.9,3021.1,250,2478.7,4.21
convoy-b10-w16,bare,group,250,10,16,125,stable,256,0,55975,178.6520,0.3573,2598.3,8898.8,126,2707.5,3.95
convoy-b10-w16,log,group,250,10,16,125,stable,256,0,42490,235.3504,0.4707,2958.5,11545.8,156,2642.0,3.95
convoy-b10-w16,b0d,group,250,10,16,125,stable,256,0,55578,179.9265,0.3599,2801.0,3989.3,126,2541.8,4.28
convoy-b10-w16,b0d,group,250,10,16,125,stable,256,1,53493,186.9408,0.3739,2797.6,5917.4,125,2690.3,4.10
convoy-b10-w16,log,group,250,10,16,125,stable,256,1,48095,207.9229,0.4158,2950.5,5480.5,141,2486.7,3.85
convoy-b10-w16,bare,group,250,10,16,125,stable,256,1,54982,181.8792,0.3638,2609.3,8896.5,126,2734.4,3.70
convoy-b10-w16,bare,group,250,10,16,125,stable,256,2,59321,168.5754,0.3372,2600.7,3686.2,127,2510.6,3.48
convoy-b10-w16,log,group,250,10,16,125,stable,256,2,48083,207.9728,0.4159,2961.9,6216.5,138,2534.3,3.36
convoy-b10-w16,b0d,group,250,10,16,125,stable,256,2,56696,176.3795,0.3528,2796.3,3776.8,125,2519.0,3.10
convoy-b10-w32,bare,group,250,10,32,62,stable,256,0,107253,93.2371,0.1850,2790.3,4301.4,64,2558.4,3.01
convoy-b10-w32,log,group,250,10,32,62,stable,256,0,69448,143.9926,0.2857,3780.1,6405.8,90,2581.4,3.01
convoy-b10-w32,b0d,group,250,10,32,62,stable,256,0,108418,92.2358,0.1830,2900.7,3378.4,62,2547.8,3.01
convoy-b10-w32,b0d,group,250,10,32,62,stable,256,1,109817,91.0602,0.1807,2902.0,3126.0,62,2542.2,3.01
convoy-b10-w32,log,group,250,10,32,62,stable,256,1,68821,145.3054,0.2883,3469.6,12085.0,86,2733.2,2.84
convoy-b10-w32,bare,group,250,10,32,62,stable,256,1,108404,92.2476,0.1830,2742.7,3796.3,65,2536.8,2.78
convoy-b10-w32,bare,group,250,10,32,62,stable,256,2,111268,89.8730,0.1783,2714.3,3757.1,64,2518.4,2.87
convoy-b10-w32,log,group,250,10,32,62,stable,256,2,68434,146.1269,0.2899,5433.9,8773.7,97,2544.6,2.97
convoy-b10-w32,b0d,group,250,10,32,62,stable,256,2,107154,93.3234,0.1852,2911.7,6218.7,62,2608.4,2.97
convoy-b10-w64,bare,group,250,10,64,50,stable,256,0,199520,50.1204,0.1604,3081.2,4021.8,51,2689.7,2.97
convoy-b10-w64,log,group,250,10,64,50,stable,256,0,110517,90.4839,0.2895,5902.7,9918.2,83,2657.9,3.05
convoy-b10-w64,b0d,group,250,10,64,50,stable,256,0,199315,50.1717,0.1605,3199.6,3416.9,50,2703.3,2.89
convoy-b10-w64,b0d,group,250,10,64,50,stable,256,1,197436,50.6492,0.1621,3201.4,4591.8,50,2717.8,3.14
convoy-b10-w64,log,group,250,10,64,50,stable,256,1,111482,89.7007,0.2870,4689.4,7499.6,74,2641.3,2.96
convoy-b10-w64,bare,group,250,10,64,50,stable,256,1,183686,54.4407,0.1742,3110.0,9386.3,51,2924.3,2.97
convoy-b10-w64,bare,group,250,10,64,50,stable,256,2,199436,50.1413,0.1605,3088.9,6383.3,51,2745.5,2.97
convoy-b10-w64,log,group,250,10,64,50,stable,256,2,104429,95.7587,0.3064,5881.3,7688.9,86,2699.9,2.97
convoy-b10-w64,b0d,group,250,10,64,50,stable,256,2,155250,64.4124,0.2061,3476.4,7684.1,50,3598.1,2.81
convoy-b1000-w1,bare,group,250,1000,1,400,stable,512,0,266058,3758.5740,1.5034,3316.2,6209.0,400,3404.3,2.83
convoy-b1000-w1,log,group,250,1000,1,400,stable,512,0,209776,4766.9914,1.9068,4799.3,7340.9,400,4282.6,2.92
convoy-b1000-w1,b0d,group,250,1000,1,400,stable,512,0,198040,5049.4748,2.0198,4858.0,9417.6,400,4502.5,3.25
convoy-b1000-w1,b0d,group,250,1000,1,400,stable,512,1,210589,4748.5822,1.8994,4525.6,8102.1,400,4220.1,3.34
convoy-b1000-w1,log,group,250,1000,1,400,stable,512,1,242287,4127.3413,1.6509,3627.9,6234.6,400,3685.7,3.24
convoy-b1000-w1,bare,group,250,1000,1,400,stable,512,1,252904,3954.0718,1.5816,3391.6,6520.9,400,3601.5,3.14
convoy-b1000-w1,bare,group,250,1000,1,400,stable,512,2,239182,4180.9105,1.6724,3702.2,7781.6,400,3794.6,3.13
convoy-b1000-w1,log,group,250,1000,1,400,stable,512,2,307190,3255.3168,1.3021,3097.1,6223.9,400,2821.6,3.28
convoy-b1000-w1,b0d,group,250,1000,1,400,stable,512,2,294644,3393.9229,1.3576,3221.5,6279.3,400,2856.9,3.33
convoy-b1000-w4,bare,group,250,1000,4,100,stable,512,0,1017591,982.7128,0.3931,3656.9,7037.7,101,3074.0,3.55
convoy-b1000-w4,log,group,250,1000,4,100,stable,512,0,599217,1668.8454,0.6675,6430.3,9730.1,187,3066.4,3.58
convoy-b1000-w4,b0d,group,250,1000,4,100,stable,512,0,767076,1303.6514,0.5215,4059.8,7943.4,123,2963.1,3.54
convoy-b1000-w4,b0d,group,250,1000,4,100,stable,512,1,535324,1868.0282,0.7472,6622.3,13236.7,122,4907.0,3.33
convoy-b1000-w4,log,group,250,1000,4,100,stable,512,1,360253,2775.8305,1.1103,10868.9,15435.1,197,5213.9,3.07
convoy-b1000-w4,bare,group,250,1000,4,100,stable,512,1,583225,1714.6048,0.6858,6726.0,9362.0,101,5987.4,3.22
convoy-b1000-w4,bare,group,250,1000,4,100,stable,512,2,579523,1725.5577,0.6902,6735.2,8689.5,101,5998.5,3.04
convoy-b1000-w4,log,group,250,1000,4,100,stable,512,2,321503,3110.3870,1.2442,12117.9,16806.8,200,5840.1,3.20
convoy-b1000-w4,b0d,group,250,1000,4,100,stable,512,2,686288,1457.1145,0.5828,5631.1,7525.3,100,4434.9,3.02
convoy-b1000-w8,bare,group,250,1000,8,50,stable,512,0,945063,1058.1309,0.4233,8450.4,10915.7,51,6774.5,2.86
convoy-b1000-w8,log,group,250,1000,8,50,stable,512,0,665275,1503.1375,0.6013,11273.3,16878.5,90,5383.8,2.79
convoy-b1000-w8,b0d,group,250,1000,8,50,stable,512,0,655013,1526.6868,0.6107,9077.8,20215.2,78,6281.0,2.83
convoy-b1000-w8,b0d,group,250,1000,8,50,stable,512,1,1068989,935.4629,0.3742,5131.3,12900.6,75,3396.5,2.76
convoy-b1000-w8,log,group,250,1000,8,50,stable,512,1,568673,1758.4800,0.7034,13253.8,19167.1,92,6484.3,3.10
convoy-b1000-w8,bare,group,250,1000,8,50,stable,512,1,763750,1309.3295,0.5237,10052.4,15390.5,51,8777.2,3.01
convoy-b1000-w8,bare,group,250,1000,8,50,stable,512,2,766576,1304.5027,0.5218,9892.5,15439.6,52,8565.2,2.93
convoy-b1000-w8,log,group,250,1000,8,50,stable,512,2,555988,1798.5988,0.7194,13534.1,20186.5,91,6804.3,2.85
convoy-b1000-w8,b0d,group,250,1000,8,50,stable,512,2,767103,1303.6054,0.5214,9430.8,15660.1,68,5925.3,2.71
convoy-b1000-w16,bare,group,250,1000,16,50,stable,1024,0,732518,1365.1550,1.0921,20714.1,29629.0,51,18593.7,2.81
convoy-b1000-w16,log,group,250,1000,16,50,stable,1024,0,1472345,679.1884,0.5434,9337.0,16105.5,77,3937.4,2.74
convoy-b1000-w16,b0d,group,250,1000,16,50,stable,1024,0,932305,1072.6100,0.8581,18057.8,25642.0,90,7251.9,2.68
convoy-b1000-w16,b0d,group,250,1000,16,50,stable,1024,1,696409,1435.9388,1.1488,26183.8,34068.5,84,11151.6,2.55
convoy-b1000-w16,log,group,250,1000,16,50,stable,1024,1,683054,1464.0124,1.1712,21580.9,36044.4,77,12042.7,2.50
convoy-b1000-w16,bare,group,250,1000,16,50,stable,1024,1,1249873,800.0810,0.6401,12225.1,14955.4,51,9754.8,2.30
convoy-b1000-w16,bare,group,250,1000,16,50,stable,1024,2,1055564,947.3609,0.7579,14924.4,19442.9,51,11952.9,2.36
convoy-b1000-w16,log,group,250,1000,16,50,stable,1024,2,858344,1165.0335,0.9320,16037.5,30059.0,75,9103.7,2.25
convoy-b1000-w16,b0d,group,250,1000,16,50,stable,1024,2,930441,1074.7596,0.8598,19272.1,23088.7,82,7779.9,2.15
convoy-b1000-w32,bare,group,250,1000,32,50,stable,2048,0,1075885,929.4670,1.4871,28824.1,31797.9,52,23252.4,2.14
convoy-b1000-w32,log,group,250,1000,32,50,stable,2048,0,781927,1278.8923,2.0462,38910.5,64190.2,76,20649.2,2.13
convoy-b1000-w32,b0d,group,250,1000,32,50,stable,2048,0,802500,1246.1060,1.9938,40921.0,52159.9,94,16708.5,2.20
convoy-b1000-w32,b0d,group,250,1000,32,50,stable,2048,1,948967,1053.7771,1.6860,36608.5,42199.0,94,13526.1,2.26
convoy-b1000-w32,log,group,250,1000,32,50,stable,2048,1,852844,1172.5472,1.8761,33182.6,66436.0,74,18551.5,2.48
convoy-b1000-w32,bare,group,250,1000,32,50,stable,2048,1,1087357,919.6615,1.4715,28722.6,35619.2,53,22251.4,3.44
convoy-b1000-w32,bare,group,250,1000,32,50,stable,2048,2,787630,1269.6316,2.0314,43933.2,47313.2,52,33685.7,3.48
convoy-b1000-w32,log,group,250,1000,32,50,stable,2048,2,934915,1069.6165,1.7114,31571.0,55783.9,73,16558.0,3.52
convoy-b1000-w32,b0d,group,250,1000,32,50,stable,2048,2,786494,1271.4655,2.0343,45043.9,55898.6,89,18191.1,3.32
convoy-b1000-w64,bare,group,250,1000,64,50,stable,4096,0,920744,1086.0779,3.4754,68594.8,80561.8,52,56158.5,3.14
convoy-b1000-w64,log,group,250,1000,64,50,stable,4096,0,906728,1102.8671,3.5292,65788.8,134984.8,77,33781.9,3.63
convoy-b1000-w64,b0d,group,250,1000,64,50,stable,4096,0,1045463,956.5144,3.0608,52352.7,85634.8,121,18573.1,3.74
convoy-b1000-w64,b0d,group,250,1000,64,50,stable,4096,1,1495974,668.4610,2.1391,33402.6,88894.2,123,10635.2,3.70
convoy-b1000-w64,log,group,250,1000,64,50,stable,4096,1,1023260,977.2685,3.1273,61042.7,100406.7,78,28476.4,3.72
convoy-b1000-w64,bare,group,250,1000,64,50,stable,4096,1,2158649,463.2526,1.4824,19314.2,55619.4,52,17840.2,4.58
convoy-b1000-w64,bare,group,250,1000,64,50,stable,4096,2,998234,1001.7691,3.2057,69210.8,74679.7,53,49867.9,4.85
convoy-b1000-w64,log,group,250,1000,64,50,stable,4096,2,766666,1304.3494,4.1739,83759.9,132324.2,78,41804.2,4.62
convoy-b1000-w64,b0d,group,250,1000,64,50,stable,4096,2,1317739,758.8757,2.4284,44283.3,73423.3,122,13132.9,4.51
newname-proc-w1,bare,process,250,1,1,4000,newname,256,0,83631,11.9572,0.0478,10.6,23.4,0,0.0,4.34
newname-proc-w1,log,process,250,1,1,4000,newname,256,0,27088,36.9161,0.1477,34.4,65.8,0,0.0,4.34
newname-proc-w1,logsp,process,250,1,1,4000,newname,256,0,26537,37.6831,0.1507,34.2,67.4,0,0.0,4.34
newname-proc-w1,b0d,process,250,1,1,4000,newname,256,0,69316,14.4266,0.0577,12.4,25.6,0,0.0,4.34
newname-proc-w1,b0d,process,250,1,1,4000,newname,256,1,72121,13.8656,0.0555,12.3,25.3,0,0.0,4.34
newname-proc-w1,logsp,process,250,1,1,4000,newname,256,1,28772,34.7558,0.1390,32.0,60.2,0,0.0,4.34
newname-proc-w1,log,process,250,1,1,4000,newname,256,1,30282,33.0230,0.1321,30.3,57.7,0,0.0,4.16
newname-proc-w1,bare,process,250,1,1,4000,newname,256,1,91809,10.8921,0.0436,10.2,17.9,0,0.0,4.16
newname-proc-w1,bare,process,250,1,1,4000,newname,256,2,99872,10.0128,0.0401,9.3,18.2,0,0.0,4.16
newname-proc-w1,log,process,250,1,1,4000,newname,256,2,29519,33.8766,0.1355,31.5,64.9,0,0.0,4.16
newname-proc-w1,logsp,process,250,1,1,4000,newname,256,2,29149,34.3063,0.1372,31.3,62.3,0,0.0,4.16
newname-proc-w1,b0d,process,250,1,1,4000,newname,256,2,71801,13.9273,0.0557,12.3,30.9,0,0.0,4.16
newname-group-w1,bare,group,250,1,1,1000,newname,256,0,384,2606.9612,2.6070,2482.0,5557.2,1000,2585.0,4.22
newname-group-w1,log,group,250,1,1,1000,newname,256,0,275,3639.8169,3.6398,3225.2,7198.8,1000,915.5,4.13
newname-group-w1,logsp,group,250,1,1,1000,newname,256,0,271,3693.3783,3.6934,3250.0,7496.0,1000,930.3,3.94
newname-group-w1,b0d,group,250,1,1,1000,newname,256,0,370,2699.5276,2.6995,2674.6,4842.8,1000,2475.5,3.94
newname-group-w1,b0d,group,250,1,1,1000,newname,256,1,365,2742.2130,2.7422,2657.1,5841.8,1000,2518.3,3.78
newname-group-w1,logsp,group,250,1,1,1000,newname,256,1,298,3350.2585,3.3503,3178.8,5052.8,1000,833.0,3.56
newname-group-w1,log,group,250,1,1,1000,newname,256,1,291,3433.3713,3.4334,3159.3,6443.3,1000,857.8,3.40
newname-group-w1,bare,group,250,1,1,1000,newname,256,1,405,2470.5338,2.4705,2464.0,2826.5,1000,2447.4,3.85
newname-group-w1,bare,group,250,1,1,1000,newname,256,2,403,2480.4734,2.4805,2433.7,3121.8,1000,2457.8,3.87
newname-group-w1,log,group,250,1,1,1000,newname,256,2,295,3395.0639,3.3951,3189.6,6273.7,1000,849.5,3.80
newname-group-w1,logsp,group,250,1,1,1000,newname,256,2,294,3403.5490,3.4035,3180.9,7394.8,1000,853.0,3.82
newname-group-w1,b0d,group,250,1,1,1000,newname,256,2,368,2721.0265,2.7210,2659.7,5787.0,1000,2496.8,3.76
newname-proc-w4,bare,process,250,1,4,4000,newname,256,0,361007,2.7700,0.0443,9.8,19.5,0,0.0,3.86
newname-proc-w4,log,process,250,1,4,4000,newname,256,0,52726,18.9659,0.3035,67.2,158.7,0,0.0,3.86
newname-proc-w4,logsp,process,250,1,4,4000,newname,256,0,50770,19.6967,0.3151,67.7,314.6,0,0.0,3.86
newname-proc-w4,b0d,process,250,1,4,4000,newname,256,0,204829,4.8821,0.0781,16.8,36.0,0,0.0,3.86
newname-proc-w4,b0d,process,250,1,4,4000,newname,256,1,203871,4.9051,0.0785,16.7,46.2,0,0.0,3.86
newname-proc-w4,logsp,process,250,1,4,4000,newname,256,1,53279,18.7690,0.3003,64.3,184.5,0,0.0,3.86
newname-proc-w4,log,process,250,1,4,4000,newname,256,1,55047,18.1661,0.2907,64.8,146.6,0,0.0,3.86
newname-proc-w4,bare,process,250,1,4,4000,newname,256,1,364470,2.7437,0.0439,9.6,20.5,0,0.0,3.87
newname-proc-w4,bare,process,250,1,4,4000,newname,256,2,348609,2.8685,0.0459,10.1,21.2,0,0.0,3.87
newname-proc-w4,log,process,250,1,4,4000,newname,256,2,54729,18.2718,0.2923,65.4,152.8,0,0.0,3.87
newname-proc-w4,logsp,process,250,1,4,4000,newname,256,2,53753,18.6036,0.2977,65.7,155.8,0,0.0,3.87
newname-proc-w4,b0d,process,250,1,4,4000,newname,256,2,212772,4.6999,0.0752,16.2,37.1,0,0.0,3.87
newname-group-w4,bare,group,250,1,4,1000,newname,256,0,1574,635.5237,2.5421,2486.6,5633.4,1001,2502.2,3.88
newname-group-w4,log,group,250,1,4,1000,newname,256,0,1020,980.3946,3.9216,3277.8,5520.9,1002,1322.2,3.97
newname-group-w4,logsp,group,250,1,4,1000,newname,256,0,831,1204.0310,4.8161,3403.8,10557.7,1262,1219.6,3.89
newname-group-w4,b0d,group,250,1,4,1000,newname,256,0,1398,715.3851,2.8615,2706.9,4837.2,1000,2626.1,3.75
newname-group-w4,b0d,group,250,1,4,1000,newname,256,1,1362,734.4041,2.9376,2698.2,5873.8,1000,2703.4,3.53
newname-group-w4,logsp,group,250,1,4,1000,newname,256,1,952,1050.2692,4.2011,3522.9,7035.8,1002,1433.1,3.36
newname-group-w4,log,group,250,1,4,1000,newname,256,1,585,1709.4414,6.8378,6305.5,11419.9,1929,1039.6,3.17
newname-group-w4,bare,group,250,1,4,1000,newname,256,1,1489,671.8096,2.6872,2500.5,5741.9,1002,2641.2,3.44
newname-group-w4,bare,group,250,1,4,1000,newname,256,2,1505,664.4998,2.6580,2505.2,4556.5,1001,2615.0,3.24
newname-group-w4,log,group,250,1,4,1000,newname,256,2,990,1009.8455,4.0394,3301.9,9592.6,1001,1362.1,3.14
newname-group-w4,logsp,group,250,1,4,1000,newname,256,2,944,1059.4745,4.2379,3679.2,7909.2,1001,1438.2,3.19
newname-group-w4,b0d,group,250,1,4,1000,newname,256,2,1361,734.8291,2.9393,2702.8,5851.6,1000,2706.2,3.39
seal-p24-b100-w4,log,process,24,100,4,5000,stable,8,0,1810786,55.2247,1.1045,141.5,429.4,0,0.0,4.50
seal-p24-b100-w4,logsp,process,24,100,4,5000,stable,8,0,1804799,55.4078,1.1082,140.9,383.9,0,0.0,4.30
seal-p24-b100-w4,logsp,process,24,100,4,5000,stable,8,1,1814377,55.1153,1.1023,140.7,416.6,0,0.0,4.30
seal-p24-b100-w4,log,process,24,100,4,5000,stable,8,1,1864997,53.6194,1.0724,136.5,332.5,0,0.0,4.30
seal-p24-b100-w4,log,process,24,100,4,5000,stable,8,2,1793088,55.7697,1.1154,139.6,720.9,0,0.0,4.68
seal-p24-b100-w4,logsp,process,24,100,4,5000,stable,8,2,1812615,55.1689,1.1034,139.3,544.5,0,0.0,4.68
seal-p24-b1000-w4,log,process,24,1000,4,500,stable,8,0,3107593,321.7925,0.6436,559.3,10843.5,0,0.0,4.68
seal-p24-b1000-w4,logsp,process,24,1000,4,500,stable,8,0,3100949,322.4819,0.6450,598.4,9365.3,0,0.0,4.70
seal-p24-b1000-w4,logsp,process,24,1000,4,500,stable,8,1,3109171,321.6291,0.6433,610.2,9173.8,0,0.0,4.70
seal-p24-b1000-w4,log,process,24,1000,4,500,stable,8,1,3070807,325.6473,0.6513,568.8,11403.0,0,0.0,4.70
seal-p24-b1000-w4,log,process,24,1000,4,500,stable,8,2,3088792,323.7512,0.6475,584.6,10535.9,0,0.0,4.70
seal-p24-b1000-w4,logsp,process,24,1000,4,500,stable,8,2,2105496,474.9476,0.9499,598.4,37015.4,0,0.0,4.73
seal-p250-b100-w4,log,process,250,100,4,5000,stable,8,0,592931,168.6538,3.3731,172.7,30302.8,0,0.0,4.73
seal-p250-b100-w4,logsp,process,250,100,4,5000,stable,8,0,764252,130.8469,2.6169,173.0,11133.7,0,0.0,4.75
seal-p250-b100-w4,logsp,process,250,100,4,5000,stable,8,1,1051731,95.0813,1.9016,174.0,9220.4,0,0.0,4.69
seal-p250-b100-w4,log,process,250,100,4,5000,stable,8,1,1037846,96.3534,1.9271,173.2,10768.8,0,0.0,4.69
seal-p250-b100-w4,log,process,250,100,4,5000,stable,8,2,734315,136.1813,2.7236,175.8,21953.1,0,0.0,5.11
seal-p250-b100-w4,logsp,process,250,100,4,5000,stable,8,2,785378,127.3273,2.5465,173.5,20410.0,0,0.0,4.86
seal-p250-b1000-w4,log,process,250,1000,4,500,stable,8,0,830608,1203.9376,2.4079,1040.7,29369.4,0,0.0,4.86
seal-p250-b1000-w4,logsp,process,250,1000,4,500,stable,8,0,842761,1186.5755,2.3732,1023.1,29603.3,0,0.0,6.08
seal-p250-b1000-w4,logsp,process,250,1000,4,500,stable,8,1,960570,1041.0481,2.0821,1032.4,23822.7,0,0.0,6.47
seal-p250-b1000-w4,log,process,250,1000,4,500,stable,8,1,1402148,713.1916,1.4264,1032.0,14414.5,0,0.0,6.47
seal-p250-b1000-w4,log,process,250,1000,4,500,stable,8,2,1451993,688.7087,1.3774,1031.7,14024.3,0,0.0,6.43
seal-p250-b1000-w4,logsp,process,250,1000,4,500,stable,8,2,1462553,683.7358,1.3675,1037.7,13332.7,0,0.0,6.16
