cell,engine,mode,payload,batch,writers,bpw,kind,rep,ev_s,per_append_us,wall_s,p50_us,p99_us,fsyncs,mean_fsync_us
proc-p24-b1-w1,bare,process,24,1,1,40000,stable,0,91183,10.9670,0.4387,9.0,27.4,0,0.0
proc-p24-b1-w1,log,process,24,1,1,40000,stable,0,29834,33.5192,1.3408,29.5,80.9,0,0.0
proc-p24-b1-w1,log,process,24,1,1,40000,stable,1,30669,32.6061,1.3042,28.6,80.4,0,0.0
proc-p24-b1-w1,bare,process,24,1,1,40000,stable,1,86038,11.6228,0.4649,9.1,32.9,0,0.0
proc-p24-b1-w1,bare,process,24,1,1,40000,stable,2,86086,11.6163,0.4647,9.3,33.0,0,0.0
proc-p24-b1-w1,log,process,24,1,1,40000,stable,2,30333,32.9669,1.3187,28.9,81.2,0,0.0
group-p24-b1-w1,bare,group,24,1,1,800,stable,0,373,2683.7984,2.1470,2494.7,5729.2,800,2654.8
group-p24-b1-w1,log,group,24,1,1,800,stable,0,365,2739.6220,2.1917,2538.9,4328.9,800,2669.7
group-p24-b1-w1,log,group,24,1,1,800,stable,1,362,2759.5441,2.2076,2526.2,5748.0,800,2689.0
group-p24-b1-w1,bare,group,24,1,1,800,stable,1,367,2726.2748,2.1810,2498.0,5644.2,800,2696.4
group-p24-b1-w1,bare,group,24,1,1,800,stable,2,398,2509.4627,2.0076,2461.2,3094.9,800,2477.7
group-p24-b1-w1,log,group,24,1,1,800,stable,2,398,2515.5739,2.0125,2496.2,3083.4,800,2462.5
proc-p24-b1-w4,bare,process,24,1,4,40000,stable,0,399256,2.5047,0.4007,8.9,18.0,0,0.0
proc-p24-b1-w4,log,process,24,1,4,40000,stable,0,67280,14.8634,2.3781,53.6,107.7,0,0.0
proc-p24-b1-w4,log,process,24,1,4,40000,stable,1,67436,14.8288,2.3726,53.2,125.2,0,0.0
proc-p24-b1-w4,bare,process,24,1,4,40000,stable,1,393135,2.5437,0.4070,9.1,20.9,0,0.0
proc-p24-b1-w4,bare,process,24,1,4,40000,stable,2,397648,2.5148,0.4024,9.2,18.4,0,0.0
proc-p24-b1-w4,log,process,24,1,4,40000,stable,2,66618,15.0110,2.4018,53.0,121.4,0,0.0
group-p24-b1-w4,bare,group,24,1,4,800,stable,0,1522,657.0831,2.1027,2495.0,4411.4,801,2588.1
group-p24-b1-w4,log,group,24,1,4,800,stable,0,1415,706.8019,2.2618,2577.1,5748.2,805,2692.6
group-p24-b1-w4,log,group,24,1,4,800,stable,1,707,1413.4531,4.5231,5404.0,8917.8,1600,2802.4
group-p24-b1-w4,bare,group,24,1,4,800,stable,1,1380,724.7566,2.3192,2567.7,5992.7,801,2841.7
group-p24-b1-w4,bare,group,24,1,4,800,stable,2,1493,669.8891,2.1436,2504.2,5623.1,802,2631.0
group-p24-b1-w4,log,group,24,1,4,800,stable,2,1536,651.0324,2.0833,2528.3,3618.5,801,2491.5
proc-p24-b10-w1,bare,process,24,10,1,12500,stable,0,883570,11.3177,0.1415,9.1,18.4,0,0.0
proc-p24-b10-w1,log,process,24,10,1,12500,stable,0,305429,32.7409,0.4093,29.4,61.1,0,0.0
proc-p24-b10-w1,log,process,24,10,1,12500,stable,1,297870,33.5717,0.4196,30.2,59.8,0,0.0
proc-p24-b10-w1,bare,process,24,10,1,12500,stable,1,861635,11.6058,0.1451,9.2,19.9,0,0.0
proc-p24-b10-w1,bare,process,24,10,1,12500,stable,2,883749,11.3154,0.1414,9.1,18.7,0,0.0
proc-p24-b10-w1,log,process,24,10,1,12500,stable,2,295019,33.8961,0.4237,30.9,55.7,0,0.0
group-p24-b10-w1,bare,group,24,10,1,500,stable,0,3903,2561.9514,1.2810,2421.1,5604.3,500,2540.3
group-p24-b10-w1,log,group,24,10,1,500,stable,0,3917,2553.2645,1.2766,2496.2,5596.3,500,2499.4
group-p24-b10-w1,log,group,24,10,1,500,stable,1,3958,2526.2782,1.2631,2496.1,3041.9,500,2471.5
group-p24-b10-w1,bare,group,24,10,1,500,stable,1,4100,2438.7815,1.2194,2415.3,2613.2,500,2416.9
group-p24-b10-w1,bare,group,24,10,1,500,stable,2,4004,2497.6128,1.2488,2427.5,5585.3,500,2473.2
group-p24-b10-w1,log,group,24,10,1,500,stable,2,3871,2583.2214,1.2916,2499.1,5612.6,500,2520.8
proc-p24-b10-w4,bare,process,24,10,4,12500,stable,0,2958026,3.3806,0.1690,11.3,24.9,0,0.0
proc-p24-b10-w4,log,process,24,10,4,12500,stable,0,675065,14.8134,0.7407,52.2,112.3,0,0.0
proc-p24-b10-w4,log,process,24,10,4,12500,stable,1,650855,15.3644,0.7682,54.0,105.8,0,0.0
proc-p24-b10-w4,bare,process,24,10,4,12500,stable,1,3008728,3.3237,0.1662,11.3,20.1,0,0.0
proc-p24-b10-w4,bare,process,24,10,4,12500,stable,2,3060339,3.2676,0.1634,11.2,20.1,0,0.0
proc-p24-b10-w4,log,process,24,10,4,12500,stable,2,668240,14.9647,0.7482,53.3,99.9,0,0.0
group-p24-b10-w4,bare,group,24,10,4,500,stable,0,10117,988.3868,1.9768,2822.0,8212.7,723,2705.9
group-p24-b10-w4,log,group,24,10,4,500,stable,0,7377,1355.5085,2.7110,5058.7,8613.0,1000,2690.8
group-p24-b10-w4,log,group,24,10,4,500,stable,1,8268,1209.4314,2.4189,4909.4,11107.4,956,2502.7
group-p24-b10-w4,bare,group,24,10,4,500,stable,1,14951,668.8614,1.3377,2493.5,5688.8,526,2501.0
group-p24-b10-w4,bare,group,24,10,4,500,stable,2,15658,638.6330,1.2773,2495.0,5602.6,501,2503.2
group-p24-b10-w4,log,group,24,10,4,500,stable,2,8096,1235.1331,2.4703,4909.2,5218.2,1000,2449.5
proc-p24-b100-w1,bare,process,24,100,1,2500,stable,0,4016401,24.8979,0.0622,14.3,27.8,0,0.0
proc-p24-b100-w1,log,process,24,100,1,2500,stable,0,1351365,73.9993,0.1850,63.8,94.4,0,0.0
proc-p24-b100-w1,log,process,24,100,1,2500,stable,1,1768135,56.5568,0.1414,45.1,84.9,0,0.0
proc-p24-b100-w1,bare,process,24,100,1,2500,stable,1,3266738,30.6116,0.0765,15.9,31.7,0,0.0
proc-p24-b100-w1,bare,process,24,100,1,2500,stable,2,3844026,26.0144,0.0650,14.2,30.0,0,0.0
proc-p24-b100-w1,log,process,24,100,1,2500,stable,2,1630243,61.3405,0.1534,52.4,83.2,0,0.0
group-p24-b100-w1,bare,group,24,100,1,300,stable,0,39509,2531.0502,0.7593,2492.2,3530.3,300,2494.1
group-p24-b100-w1,log,group,24,100,1,300,stable,0,39347,2541.5068,0.7625,2507.7,2786.3,300,2451.2
group-p24-b100-w1,log,group,24,100,1,300,stable,1,39166,2553.2320,0.7660,2508.4,2805.2,300,2465.3
group-p24-b100-w1,bare,group,24,100,1,300,stable,1,39660,2521.4630,0.7564,2492.0,2718.5,300,2485.8
group-p24-b100-w1,bare,group,24,100,1,300,stable,2,39104,2557.2845,0.7672,2515.8,3224.6,300,2508.1
group-p24-b100-w1,log,group,24,100,1,300,stable,2,35939,2782.5163,0.8348,2575.1,5840.1,300,2669.0
proc-p24-b100-w4,bare,process,24,100,4,2500,stable,0,8907420,11.2266,0.1123,30.5,80.0,0,0.0
proc-p24-b100-w4,log,process,24,100,4,2500,stable,0,1995791,50.1055,0.5011,141.5,475.0,0,0.0
proc-p24-b100-w4,log,process,24,100,4,2500,stable,1,2143311,46.6568,0.4666,128.1,314.8,0,0.0
proc-p24-b100-w4,bare,process,24,100,4,2500,stable,1,8852167,11.2967,0.1130,30.5,71.5,0,0.0
proc-p24-b100-w4,bare,process,24,100,4,2500,stable,2,8900379,11.2355,0.1124,29.7,72.4,0,0.0
proc-p24-b100-w4,log,process,24,100,4,2500,stable,2,1921851,52.0332,0.5203,141.6,650.3,0,0.0
group-p24-b100-w4,bare,group,24,100,4,300,stable,0,138745,720.7446,0.8649,2594.8,5883.1,301,2781.1
group-p24-b100-w4,log,group,24,100,4,300,stable,0,122099,819.0103,0.9828,2778.1,5354.1,310,2921.2
group-p24-b100-w4,log,group,24,100,4,300,stable,1,124932,800.4342,0.9605,2803.9,5973.8,309,2863.1
group-p24-b100-w4,bare,group,24,100,4,300,stable,1,129996,769.2525,0.9231,2657.5,5601.0,302,2968.3
group-p24-b100-w4,bare,group,24,100,4,300,stable,2,132363,755.4999,0.9066,2751.0,6262.9,301,2930.1
group-p24-b100-w4,log,group,24,100,4,300,stable,2,118996,840.3665,1.0084,2892.0,8610.9,305,3043.8
proc-p24-b1000-w1,bare,process,24,1000,1,250,stable,0,3437381,290.9192,0.0727,55.6,91.7,0,0.0
proc-p24-b1000-w1,log,process,24,1000,1,250,stable,0,2712588,368.6516,0.0922,285.5,409.0,0,0.0
proc-p24-b1000-w1,log,process,24,1000,1,250,stable,1,3457501,289.2263,0.0723,219.7,294.1,0,0.0
proc-p24-b1000-w1,bare,process,24,1000,1,250,stable,1,3782045,264.4072,0.0661,55.4,87.5,0,0.0
proc-p24-b1000-w1,bare,process,24,1000,1,250,stable,2,3911437,255.6605,0.0639,53.7,79.0,0,0.0
proc-p24-b1000-w1,log,process,24,1000,1,250,stable,2,3086667,323.9741,0.0810,242.5,345.2,0,0.0
group-p24-b1000-w1,bare,group,24,1000,1,100,stable,0,291639,3428.9002,0.3429,2942.9,6127.0,100,3144.0
group-p24-b1000-w1,log,group,24,1000,1,100,stable,0,343534,2910.9227,0.2911,2766.1,2933.2,100,2519.9
group-p24-b1000-w1,log,group,24,1000,1,100,stable,1,346873,2882.9028,0.2883,2795.2,2932.8,100,2498.7
group-p24-b1000-w1,bare,group,24,1000,1,100,stable,1,354305,2822.4262,0.2822,2585.3,4591.3,100,2552.4
group-p24-b1000-w1,bare,group,24,1000,1,100,stable,2,356985,2801.2360,0.2801,2590.1,3425.5,100,2542.4
group-p24-b1000-w1,log,group,24,1000,1,100,stable,2,351159,2847.7094,0.2848,2741.5,3134.4,100,2512.6
proc-p24-b1000-w4,bare,process,24,1000,4,250,stable,0,4021471,248.6652,0.2487,798.9,1484.7,0,0.0
proc-p24-b1000-w4,log,process,24,1000,4,250,stable,0,3802737,262.9685,0.2630,593.6,1528.3,0,0.0
proc-p24-b1000-w4,log,process,24,1000,4,250,stable,1,3861706,258.9529,0.2590,585.8,1511.1,0,0.0
proc-p24-b1000-w4,bare,process,24,1000,4,250,stable,1,4016612,248.9660,0.2490,794.7,1025.2,0,0.0
proc-p24-b1000-w4,bare,process,24,1000,4,250,stable,2,4130082,242.1260,0.2421,770.0,1380.5,0,0.0
proc-p24-b1000-w4,log,process,24,1000,4,250,stable,2,3767139,265.4534,0.2655,603.9,1595.7,0,0.0
group-p24-b1000-w4,bare,group,24,1000,4,100,stable,0,909123,1099.9615,0.4400,4430.5,6470.7,100,3972.0
group-p24-b1000-w4,log,group,24,1000,4,100,stable,0,565852,1767.2470,0.7069,6817.1,11682.4,199,3345.4
group-p24-b1000-w4,log,group,24,1000,4,100,stable,1,612472,1632.7284,0.6531,6287.4,9455.9,167,3443.6
group-p24-b1000-w4,bare,group,24,1000,4,100,stable,1,1278516,782.1568,0.3129,3053.4,3286.9,100,2690.9
group-p24-b1000-w4,bare,group,24,1000,4,100,stable,2,1239427,806.8243,0.3227,3045.0,6272.7,101,2746.4
group-p24-b1000-w4,log,group,24,1000,4,100,stable,2,790384,1265.2074,0.5061,5204.4,6716.1,168,2614.6
proc-p250-b1-w1,bare,process,250,1,1,40000,stable,0,94466,10.5859,0.4234,8.9,18.6,0,0.0
proc-p250-b1-w1,log,process,250,1,1,40000,stable,0,35169,28.4342,1.1374,25.6,53.6,0,0.0
proc-p250-b1-w1,log,process,250,1,1,40000,stable,1,32398,30.8664,1.2347,28.0,61.9,0,0.0
proc-p250-b1-w1,bare,process,250,1,1,40000,stable,1,97258,10.2819,0.4113,8.9,18.8,0,0.0
proc-p250-b1-w1,bare,process,250,1,1,40000,stable,2,96586,10.3535,0.4141,8.9,18.3,0,0.0
proc-p250-b1-w1,log,process,250,1,1,40000,stable,2,32712,30.5696,1.2228,28.7,52.5,0,0.0
group-p250-b1-w1,bare,group,250,1,1,800,stable,0,404,2474.2012,1.9794,2464.7,2719.1,800,2449.1
group-p250-b1-w1,log,group,250,1,1,800,stable,0,392,2550.0661,2.0401,2501.2,5597.4,800,2490.5
group-p250-b1-w1,log,group,250,1,1,800,stable,1,381,2623.3340,2.0987,2500.2,5695.4,800,2563.1
group-p250-b1-w1,bare,group,250,1,1,800,stable,1,404,2472.8704,1.9783,2438.5,2727.2,800,2445.1
group-p250-b1-w1,bare,group,250,1,1,800,stable,2,402,2485.3247,1.9883,2470.9,3335.5,800,2456.0
group-p250-b1-w1,log,group,250,1,1,800,stable,2,381,2622.5722,2.0981,2504.7,5686.2,800,2559.7
proc-p250-b1-w4,bare,process,250,1,4,40000,stable,0,370648,2.6980,0.4317,9.6,20.0,0,0.0
proc-p250-b1-w4,log,process,250,1,4,40000,stable,0,64521,15.4989,2.4798,54.3,121.4,0,0.0
proc-p250-b1-w4,log,process,250,1,4,40000,stable,1,65985,15.1549,2.4248,53.1,153.7,0,0.0
proc-p250-b1-w4,bare,process,250,1,4,40000,stable,1,361327,2.7676,0.4428,9.7,20.0,0,0.0
proc-p250-b1-w4,bare,process,250,1,4,40000,stable,2,350140,2.8560,0.4570,9.9,22.5,0,0.0
proc-p250-b1-w4,log,process,250,1,4,40000,stable,2,65362,15.2995,2.4479,53.9,118.3,0,0.0
group-p250-b1-w4,bare,group,250,1,4,800,stable,0,1422,703.0370,2.2497,2568.6,4607.7,801,2753.3
group-p250-b1-w4,log,group,250,1,4,800,stable,0,702,1425.1697,4.5605,5356.9,11225.8,1600,2831.4
group-p250-b1-w4,log,group,250,1,4,800,stable,1,1287,776.9107,2.4861,2800.8,5076.9,802,2977.1
group-p250-b1-w4,bare,group,250,1,4,800,stable,1,1522,656.9936,2.1024,2500.9,5553.3,801,2582.4
group-p250-b1-w4,bare,group,250,1,4,800,stable,2,1422,703.4067,2.2509,2540.2,5774.9,801,2753.1
group-p250-b1-w4,log,group,250,1,4,800,stable,2,1385,721.9573,2.3103,2650.3,5115.9,803,2754.1
proc-p250-b10-w1,bare,process,250,10,1,12500,stable,0,754236,13.2585,0.1657,11.6,23.9,0,0.0
proc-p250-b10-w1,log,process,250,10,1,12500,stable,0,253794,39.4021,0.4925,35.9,74.5,0,0.0
proc-p250-b10-w1,log,process,250,10,1,12500,stable,1,266449,37.5307,0.4691,35.0,69.3,0,0.0
proc-p250-b10-w1,bare,process,250,10,1,12500,stable,1,670502,14.9142,0.1864,12.9,27.1,0,0.0
proc-p250-b10-w1,bare,process,250,10,1,12500,stable,2,699181,14.3025,0.1788,11.5,27.4,0,0.0
proc-p250-b10-w1,log,process,250,10,1,12500,stable,2,261454,38.2476,0.4781,34.7,71.8,0,0.0
group-p250-b10-w1,bare,group,250,10,1,500,stable,0,3771,2651.6823,1.3258,2503.9,4743.1,500,2620.9
group-p250-b10-w1,log,group,250,10,1,500,stable,0,3935,2541.5566,1.2708,2514.5,2777.9,500,2470.6
group-p250-b10-w1,log,group,250,10,1,500,stable,1,3869,2584.8628,1.2924,2504.9,5743.4,500,2512.5
group-p250-b10-w1,bare,group,250,10,1,500,stable,1,3817,2619.8169,1.3099,2498.5,5689.3,500,2585.1
group-p250-b10-w1,bare,group,250,10,1,500,stable,2,3908,2559.1700,1.2796,2493.7,5614.0,500,2532.2
group-p250-b10-w1,log,group,250,10,1,500,stable,2,3904,2561.3247,1.2807,2516.7,3005.0,500,2487.4
proc-p250-b10-w4,bare,process,250,10,4,12500,stable,0,1934753,5.1686,0.2584,18.6,34.2,0,0.0
proc-p250-b10-w4,log,process,250,10,4,12500,stable,0,580569,17.2245,0.8612,59.4,187.3,0,0.0
proc-p250-b10-w4,log,process,250,10,4,12500,stable,1,600400,16.6556,0.8328,58.0,138.8,0,0.0
proc-p250-b10-w4,bare,process,250,10,4,12500,stable,1,1873958,5.3363,0.2668,18.7,34.0,0,0.0
proc-p250-b10-w4,bare,process,250,10,4,12500,stable,2,1947891,5.1338,0.2567,18.5,34.2,0,0.0
proc-p250-b10-w4,log,process,250,10,4,12500,stable,2,575845,17.3658,0.8683,60.1,241.1,0,0.0
group-p250-b10-w4,bare,group,250,10,4,500,stable,0,13922,718.2906,1.4366,2547.0,5927.5,501,2807.6
group-p250-b10-w4,log,group,250,10,4,500,stable,0,6540,1528.9374,3.0579,5951.6,8994.0,1000,3027.3
group-p250-b10-w4,log,group,250,10,4,500,stable,1,6655,1502.5717,3.0051,5614.6,11552.2,1000,2978.1
group-p250-b10-w4,bare,group,250,10,4,500,stable,1,12521,798.6468,1.5973,2966.2,4936.0,502,3118.5
group-p250-b10-w4,bare,group,250,10,4,500,stable,2,13530,739.0950,1.4782,2734.1,4796.7,501,2888.3
group-p250-b10-w4,log,group,250,10,4,500,stable,2,12478,801.4114,1.6028,2793.7,5902.4,502,3051.0
proc-p250-b100-w1,bare,process,250,100,1,2500,stable,0,3076159,32.5081,0.0813,26.7,51.1,0,0.0
proc-p250-b100-w1,log,process,250,100,1,2500,stable,0,1047367,95.4775,0.2387,84.9,139.1,0,0.0
proc-p250-b100-w1,log,process,250,100,1,2500,stable,1,1132904,88.2687,0.2207,72.6,144.9,0,0.0
proc-p250-b100-w1,bare,process,250,100,1,2500,stable,1,2714129,36.8442,0.0921,27.9,54.5,0,0.0
proc-p250-b100-w1,bare,process,250,100,1,2500,stable,2,3258382,30.6901,0.0767,26.5,41.8,0,0.0
proc-p250-b100-w1,log,process,250,100,1,2500,stable,2,1118169,89.4319,0.2236,77.5,143.0,0,0.0
group-p250-b100-w1,bare,group,250,100,1,300,stable,0,38745,2580.9463,0.7743,2569.1,3282.4,300,2513.9
group-p250-b100-w1,log,group,250,100,1,300,stable,0,37116,2694.2214,0.8083,2573.1,2840.4,300,2582.0
group-p250-b100-w1,log,group,250,100,1,300,stable,1,38153,2621.0536,0.7863,2592.5,2836.4,300,2495.7
group-p250-b100-w1,bare,group,250,100,1,300,stable,1,39546,2528.7050,0.7586,2502.9,2810.9,300,2472.3
group-p250-b100-w1,bare,group,250,100,1,300,stable,2,37777,2647.0896,0.7941,2502.0,5805.6,300,2583.5
group-p250-b100-w1,log,group,250,100,1,300,stable,2,36880,2711.4896,0.8134,2583.3,5797.2,300,2581.7
proc-p250-b100-w4,bare,process,250,100,4,2500,stable,0,4376313,22.8503,0.2285,78.4,121.9,0,0.0
proc-p250-b100-w4,log,process,250,100,4,2500,stable,0,1680185,59.5173,0.5952,171.0,658.4,0,0.0
proc-p250-b100-w4,log,process,250,100,4,2500,stable,1,1645324,60.7783,0.6078,177.6,608.3,0,0.0
proc-p250-b100-w4,bare,process,250,100,4,2500,stable,1,4405045,22.7012,0.2270,78.7,115.9,0,0.0
proc-p250-b100-w4,bare,process,250,100,4,2500,stable,2,4364129,22.9141,0.2291,78.6,116.0,0,0.0
proc-p250-b100-w4,log,process,250,100,4,2500,stable,2,1698991,58.8585,0.5886,170.2,452.1,0,0.0
group-p250-b100-w4,bare,group,250,100,4,300,stable,0,132124,756.8652,0.9082,2888.3,4666.2,300,2879.6
group-p250-b100-w4,log,group,250,100,4,300,stable,0,132154,756.6956,0.9080,2806.0,6050.7,303,2705.5
group-p250-b100-w4,log,group,250,100,4,300,stable,1,135345,738.8542,0.8866,2811.2,6067.7,301,2628.2
group-p250-b100-w4,bare,group,250,100,4,300,stable,1,145224,688.5913,0.8263,2683.4,2883.0,306,2558.7
group-p250-b100-w4,bare,group,250,100,4,300,stable,2,148468,673.5456,0.8083,2670.8,2861.6,301,2553.3
group-p250-b100-w4,log,group,250,100,4,300,stable,2,129375,772.9490,0.9275,2824.1,6172.6,309,2697.5
proc-p250-b1000-w1,bare,process,250,1000,1,250,stable,0,2813127,355.4763,0.0889,144.7,307.3,0,0.0
proc-p250-b1000-w1,log,process,250,1000,1,250,stable,0,2136894,467.9689,0.1170,334.8,564.5,0,0.0
proc-p250-b1000-w1,log,process,250,1000,1,250,stable,1,2156786,463.6529,0.1159,362.8,548.6,0,0.0
proc-p250-b1000-w1,bare,process,250,1000,1,250,stable,1,2660301,375.8973,0.0940,157.5,290.5,0,0.0
proc-p250-b1000-w1,bare,process,250,1000,1,250,stable,2,2800872,357.0316,0.0893,145.9,203.0,0,0.0
proc-p250-b1000-w1,log,process,250,1000,1,250,stable,2,2065946,484.0398,0.1210,395.4,679.5,0,0.0
group-p250-b1000-w1,bare,group,250,1000,1,100,stable,0,213053,4693.6578,0.4694,4524.8,6526.5,100,4280.4
group-p250-b1000-w1,log,group,250,1000,1,100,stable,0,223300,4478.2800,0.4478,4411.1,6061.5,100,3873.7
group-p250-b1000-w1,log,group,250,1000,1,100,stable,1,219572,4554.3057,0.4554,4509.2,7826.7,100,4038.1
group-p250-b1000-w1,bare,group,250,1000,1,100,stable,1,182320,5484.8641,0.5485,5091.4,8793.0,100,5098.0
group-p250-b1000-w1,bare,group,250,1000,1,100,stable,2,214316,4666.0015,0.4666,4613.0,7059.8,100,4282.8
group-p250-b1000-w1,log,group,250,1000,1,100,stable,2,196468,5089.8893,0.5090,4888.7,7291.7,100,4520.5
proc-p250-b1000-w4,bare,process,250,1000,4,250,stable,0,3322467,300.9812,0.3010,1006.1,1299.4,0,0.0
proc-p250-b1000-w4,log,process,250,1000,4,250,stable,0,2870942,348.3177,0.3483,934.7,2370.3,0,0.0
proc-p250-b1000-w4,log,process,250,1000,4,250,stable,1,2803607,356.6834,0.3567,900.2,2171.2,0,0.0
proc-p250-b1000-w4,bare,process,250,1000,4,250,stable,1,3266049,306.1803,0.3062,1031.4,1474.2,0,0.0
proc-p250-b1000-w4,bare,process,250,1000,4,250,stable,2,3229873,309.6097,0.3096,1039.0,1391.2,0,0.0
proc-p250-b1000-w4,log,process,250,1000,4,250,stable,2,2781759,359.4847,0.3595,929.1,2647.0,0,0.0
group-p250-b1000-w4,bare,group,250,1000,4,100,stable,0,533681,1873.7773,0.7495,7263.9,8976.4,102,6455.9
group-p250-b1000-w4,log,group,250,1000,4,100,stable,0,304416,3284.9775,1.3140,12940.4,15583.4,200,6156.0
group-p250-b1000-w4,log,group,250,1000,4,100,stable,1,388701,2572.6706,1.0291,10093.2,12723.2,200,4728.8
group-p250-b1000-w4,bare,group,250,1000,4,100,stable,1,548927,1821.7369,0.7287,7056.9,9795.9,102,6315.7
group-p250-b1000-w4,bare,group,250,1000,4,100,stable,2,747613,1337.5907,0.5350,4731.0,9504.0,100,4526.2
group-p250-b1000-w4,log,group,250,1000,4,100,stable,2,579098,1726.8243,0.6907,6607.1,8141.4,192,3064.1
newname-proc-w1,bare,process,250,1,1,4000,newname,0,86436,11.5693,0.0463,9.4,22.1,0,0.0
newname-proc-w1,log,process,250,1,1,4000,newname,0,27952,35.7753,0.1431,33.0,67.1,0,0.0
newname-proc-w1,log,process,250,1,1,4000,newname,1,29055,34.4174,0.1377,31.4,66.8,0,0.0
newname-proc-w1,bare,process,250,1,1,4000,newname,1,88693,11.2748,0.0451,8.8,19.5,0,0.0
newname-proc-w1,bare,process,250,1,1,4000,newname,2,86601,11.5472,0.0462,9.9,21.7,0,0.0
newname-proc-w1,log,process,250,1,1,4000,newname,2,29309,34.1189,0.1365,31.0,61.3,0,0.0
newname-group-w1,bare,group,250,1,1,1000,newname,0,396,2526.8711,2.5269,2470.1,5604.4,1000,2501.7
newname-group-w1,log,group,250,1,1,1000,newname,0,294,3405.1029,3.4051,3184.4,5149.9,1000,846.7
newname-group-w1,log,group,250,1,1,1000,newname,1,294,3406.5770,3.4066,3181.9,6312.0,1000,845.9
newname-group-w1,bare,group,250,1,1,1000,newname,1,398,2515.6982,2.5157,2477.4,3028.1,1000,2488.8
newname-group-w1,bare,group,250,1,1,1000,newname,2,401,2491.9730,2.4920,2444.9,4769.7,1000,2468.9
newname-group-w1,log,group,250,1,1,1000,newname,2,291,3440.3780,3.4404,3188.6,6395.8,1000,853.4
newname-proc-w4,bare,process,250,1,4,4000,newname,0,359664,2.7804,0.0445,10.2,20.4,0,0.0
newname-proc-w4,log,process,250,1,4,4000,newname,0,53988,18.5228,0.2964,65.9,160.2,0,0.0
newname-proc-w4,log,process,250,1,4,4000,newname,1,51875,19.2772,0.3084,67.5,188.6,0,0.0
newname-proc-w4,bare,process,250,1,4,4000,newname,1,308750,3.2389,0.0518,10.0,21.9,0,0.0
newname-proc-w4,bare,process,250,1,4,4000,newname,2,348069,2.8730,0.0460,9.9,21.6,0,0.0
newname-proc-w4,log,process,250,1,4,4000,newname,2,53823,18.5793,0.2973,65.2,169.0,0,0.0
newname-group-w4,bare,group,250,1,4,1000,newname,0,1452,688.7173,2.7549,2523.3,4748.5,1001,2707.8
newname-group-w4,log,group,250,1,4,1000,newname,0,890,1123.2303,4.4929,4026.4,8958.6,1003,1517.4
newname-group-w4,log,group,250,1,4,1000,newname,1,896,1116.2592,4.4650,3991.7,8231.9,1002,1509.0
newname-group-w4,bare,group,250,1,4,1000,newname,1,1604,623.5250,2.4941,2488.4,2729.9,1001,2450.4
newname-group-w4,bare,group,250,1,4,1000,newname,2,1565,638.8895,2.5556,2500.3,3379.5,1002,2496.4
newname-group-w4,log,group,250,1,4,1000,newname,2,1000,1000.0679,4.0003,3296.1,8141.1,1001,1348.3
