variant,source,binary_sha256,cycle,slot,mode,batch,writers,bpw,payload,events,ev_s,p50_us,p99_us,groups,sample_stride,sampled_gathers_delta,sampled_gather_intents_delta,sampled_max_group_width_before,sampled_max_group_width_after,sampled_close_os_delta,sampled_close_capacity_delta,sampled_close_bytes_delta,sampled_close_deadline_delta,sampled_close_inflight_drained_delta,sampled_close_disconnected_delta,sampled_commit_groups_delta,sampled_direct_commit_nanos_delta,sampled_post_io_to_frontier_nanos_delta,sampled_frontier_to_first_completion_nanos_delta,sampled_first_to_last_completion_nanos_delta
candidate,1da7b53c4ff74df6cb9a28ce23b1389aef234060,5d82e3c91c7bdc92b65040129ed731bdb806d6db29d6ad643d9ab32c4f751797,1,1,process,1,4,40000,250,160000,151213,24.6,51.6,0,64,695,2522,1,4,0,0,0,695,0,0,695,4008991,629208,413570,1888197
candidate,1da7b53c4ff74df6cb9a28ce23b1389aef234060,5d82e3c91c7bdc92b65040129ed731bdb806d6db29d6ad643d9ab32c4f751797,2,1,process,1,4,40000,250,160000,146728,25.1,48.9,0,64,692,2512,1,4,0,0,0,692,0,0,692,4042217,622810,380070,2005086
candidate,1da7b53c4ff74df6cb9a28ce23b1389aef234060,5d82e3c91c7bdc92b65040129ed731bdb806d6db29d6ad643d9ab32c4f751797,3,1,process,1,4,40000,250,160000,153866,24.7,43.9,0,64,690,2506,1,4,0,0,0,690,0,0,690,3895398,594119,326120,1879247
candidate,1da7b53c4ff74df6cb9a28ce23b1389aef234060,5d82e3c91c7bdc92b65040129ed731bdb806d6db29d6ad643d9ab32c4f751797,4,1,process,1,4,40000,250,160000,150850,24.4,46.5,0,64,697,2479,1,4,0,0,0,697,0,0,697,4074536,609309,384310,1835288
candidate,1da7b53c4ff74df6cb9a28ce23b1389aef234060,5d82e3c91c7bdc92b65040129ed731bdb806d6db29d6ad643d9ab32c4f751797,5,1,process,1,4,40000,250,160000,150543,25.1,48.2,0,64,693,2528,1,4,0,0,0,693,0,0,693,3969303,596950,341260,1995139
candidate,1da7b53c4ff74df6cb9a28ce23b1389aef234060,5d82e3c91c7bdc92b65040129ed731bdb806d6db29d6ad643d9ab32c4f751797,6,1,process,1,4,40000,250,160000,152187,25.0,45.3,0,64,692,2510,1,4,0,0,0,692,0,0,692,3962145,643669,409400,1871988
candidate,1da7b53c4ff74df6cb9a28ce23b1389aef234060,5d82e3c91c7bdc92b65040129ed731bdb806d6db29d6ad643d9ab32c4f751797,7,1,process,1,4,40000,250,160000,150634,25.2,47.1,0,64,694,2515,1,4,0,0,0,694,0,0,694,4078733,564740,376929,1886818
candidate,1da7b53c4ff74df6cb9a28ce23b1389aef234060,5d82e3c91c7bdc92b65040129ed731bdb806d6db29d6ad643d9ab32c4f751797,8,1,process,1,4,40000,250,160000,150382,25.0,46.5,0,64,697,2455,1,4,0,0,0,697,0,0,697,3862676,607760,376440,1908839
candidate,1da7b53c4ff74df6cb9a28ce23b1389aef234060,5d82e3c91c7bdc92b65040129ed731bdb806d6db29d6ad643d9ab32c4f751797,9,1,process,1,4,40000,250,160000,149829,25.0,48.8,0,64,694,2492,1,4,0,0,0,694,0,0,694,4020054,619259,371620,1956428
candidate,1da7b53c4ff74df6cb9a28ce23b1389aef234060,5d82e3c91c7bdc92b65040129ed731bdb806d6db29d6ad643d9ab32c4f751797,10,1,process,1,4,40000,250,160000,148407,24.9,48.6,0,64,697,2475,1,4,0,0,0,697,0,0,697,4088586,597180,350679,1805727
candidate,1da7b53c4ff74df6cb9a28ce23b1389aef234060,5d82e3c91c7bdc92b65040129ed731bdb806d6db29d6ad643d9ab32c4f751797,1,1,process,100,4,2500,250,1000000,3338241,112.0,229.5,0,64,105,168,1,3,0,0,0,105,0,0,105,2813829,63150,267510,155390
candidate,1da7b53c4ff74df6cb9a28ce23b1389aef234060,5d82e3c91c7bdc92b65040129ed731bdb806d6db29d6ad643d9ab32c4f751797,2,1,process,100,4,2500,250,1000000,3537415,102.9,225.4,0,64,97,147,1,3,0,0,0,97,0,0,97,2549767,75980,150250,165950
candidate,1da7b53c4ff74df6cb9a28ce23b1389aef234060,5d82e3c91c7bdc92b65040129ed731bdb806d6db29d6ad643d9ab32c4f751797,3,1,process,100,4,2500,250,1000000,3522006,103.3,215.6,0,64,98,160,1,3,0,0,0,98,0,0,98,2827058,54080,180980,133499
candidate,1da7b53c4ff74df6cb9a28ce23b1389aef234060,5d82e3c91c7bdc92b65040129ed731bdb806d6db29d6ad643d9ab32c4f751797,4,1,process,100,4,2500,250,1000000,3345171,111.2,229.7,0,64,102,150,1,3,0,0,0,102,0,0,102,2718927,80460,187960,210076
candidate,1da7b53c4ff74df6cb9a28ce23b1389aef234060,5d82e3c91c7bdc92b65040129ed731bdb806d6db29d6ad643d9ab32c4f751797,5,1,process,100,4,2500,250,1000000,3304074,112.7,231.0,0,64,103,150,1,3,0,0,0,103,0,0,103,2687549,51660,204980,174890
candidate,1da7b53c4ff74df6cb9a28ce23b1389aef234060,5d82e3c91c7bdc92b65040129ed731bdb806d6db29d6ad643d9ab32c4f751797,6,1,process,100,4,2500,250,1000000,3387275,110.8,229.6,0,64,105,150,1,2,0,0,0,105,0,0,105,2589226,96940,246430,145510
candidate,1da7b53c4ff74df6cb9a28ce23b1389aef234060,5d82e3c91c7bdc92b65040129ed731bdb806d6db29d6ad643d9ab32c4f751797,7,1,process,100,4,2500,250,1000000,3411566,109.5,225.4,0,64,101,163,1,3,0,0,0,101,0,0,101,2826978,55320,159750,218470
candidate,1da7b53c4ff74df6cb9a28ce23b1389aef234060,5d82e3c91c7bdc92b65040129ed731bdb806d6db29d6ad643d9ab32c4f751797,8,1,process,100,4,2500,250,1000000,3332763,109.0,253.0,0,64,102,153,1,3,0,0,0,102,0,0,102,2639139,62789,166289,137870
candidate,1da7b53c4ff74df6cb9a28ce23b1389aef234060,5d82e3c91c7bdc92b65040129ed731bdb806d6db29d6ad643d9ab32c4f751797,9,1,process,100,4,2500,250,1000000,3486862,107.3,229.0,0,64,100,161,1,4,0,0,0,100,0,0,100,2622599,74730,185640,150009
candidate,1da7b53c4ff74df6cb9a28ce23b1389aef234060,5d82e3c91c7bdc92b65040129ed731bdb806d6db29d6ad643d9ab32c4f751797,10,1,process,100,4,2500,250,1000000,3520116,104.2,232.2,0,64,98,165,1,4,0,0,0,98,0,0,98,2772057,50000,184570,185160
candidate,1da7b53c4ff74df6cb9a28ce23b1389aef234060,5d82e3c91c7bdc92b65040129ed731bdb806d6db29d6ad643d9ab32c4f751797,1,1,group,1000,4,100,250,400000,909468,4113.6,7513.2,107,64,1,3,1,3,0,0,0,1,0,0,1,3240056,1670,870,3260
candidate,1da7b53c4ff74df6cb9a28ce23b1389aef234060,5d82e3c91c7bdc92b65040129ed731bdb806d6db29d6ad643d9ab32c4f751797,2,1,group,1000,4,100,250,400000,924797,4117.2,7372.9,100,64,1,4,1,4,0,0,0,0,1,0,1,3320406,1490,810,4360
candidate,1da7b53c4ff74df6cb9a28ce23b1389aef234060,5d82e3c91c7bdc92b65040129ed731bdb806d6db29d6ad643d9ab32c4f751797,3,1,group,1000,4,100,250,400000,932922,4066.3,7865.5,104,64,1,4,1,4,0,0,0,0,1,0,1,3296896,1600,1050,4320
candidate,1da7b53c4ff74df6cb9a28ce23b1389aef234060,5d82e3c91c7bdc92b65040129ed731bdb806d6db29d6ad643d9ab32c4f751797,4,1,group,1000,4,100,250,400000,955863,4071.1,7065.4,100,64,1,4,1,4,0,0,0,0,1,0,1,3265475,1800,1050,4980
candidate,1da7b53c4ff74df6cb9a28ce23b1389aef234060,5d82e3c91c7bdc92b65040129ed731bdb806d6db29d6ad643d9ab32c4f751797,5,1,group,1000,4,100,250,400000,954585,4091.4,7046.6,102,64,1,4,1,4,0,0,0,0,1,0,1,3303575,1530,910,6410
candidate,1da7b53c4ff74df6cb9a28ce23b1389aef234060,5d82e3c91c7bdc92b65040129ed731bdb806d6db29d6ad643d9ab32c4f751797,6,1,group,1000,4,100,250,400000,940406,4101.3,7198.1,101,64,1,4,1,4,0,0,0,0,1,0,1,3252615,1940,1020,4920
candidate,1da7b53c4ff74df6cb9a28ce23b1389aef234060,5d82e3c91c7bdc92b65040129ed731bdb806d6db29d6ad643d9ab32c4f751797,7,1,group,1000,4,100,250,400000,915858,4136.2,7472.4,102,64,1,4,1,4,0,0,0,0,1,0,1,3302255,1190,630,4130
candidate,1da7b53c4ff74df6cb9a28ce23b1389aef234060,5d82e3c91c7bdc92b65040129ed731bdb806d6db29d6ad643d9ab32c4f751797,8,1,group,1000,4,100,250,400000,932544,4093.6,7588.4,104,64,1,4,1,4,0,0,0,0,1,0,1,3304845,1760,1080,5740
candidate,1da7b53c4ff74df6cb9a28ce23b1389aef234060,5d82e3c91c7bdc92b65040129ed731bdb806d6db29d6ad643d9ab32c4f751797,9,1,group,1000,4,100,250,400000,957617,4033.1,7409.4,101,64,1,4,1,4,0,0,0,0,1,0,1,3288406,1100,710,2700
candidate,1da7b53c4ff74df6cb9a28ce23b1389aef234060,5d82e3c91c7bdc92b65040129ed731bdb806d6db29d6ad643d9ab32c4f751797,10,1,group,1000,4,100,250,400000,954580,4034.4,6986.5,103,64,1,4,1,4,0,0,0,0,1,0,1,3358236,2840,1310,7000
