point_id,phase,boundary,comparison,role,slot,order,variant,mode,target_bytes,physical_batches,writers
b00001,boundary,width_2_-1,pwritev_full_1m,baseline,1,ABBA,k_pwrite,process,140,1,1
b00002,boundary,width_2_-1,pwritev_full_1m,candidate,2,ABBA,pwritev_full_1m,process,140,1,1
b00003,boundary,width_2_-1,pwritev_full_1m,candidate,3,ABBA,pwritev_full_1m,process,140,1,1
b00004,boundary,width_2_-1,pwritev_full_1m,baseline,4,ABBA,k_pwrite,process,140,1,1
b00005,boundary,width_2_-1,copy_contiguous,candidate,1,BAAB,copy_contiguous,process,140,1,1
b00006,boundary,width_2_-1,copy_contiguous,baseline,2,BAAB,k_pwrite,process,140,1,1
b00007,boundary,width_2_-1,copy_contiguous,baseline,3,BAAB,k_pwrite,process,140,1,1
b00008,boundary,width_2_-1,copy_contiguous,candidate,4,BAAB,copy_contiguous,process,140,1,1
b00009,boundary,width_2_+0,pwritev_full_1m,baseline,1,ABBA,k_pwrite,process,280,2,2
b00010,boundary,width_2_+0,pwritev_full_1m,candidate,2,ABBA,pwritev_full_1m,process,280,2,2
b00011,boundary,width_2_+0,pwritev_full_1m,candidate,3,ABBA,pwritev_full_1m,process,280,2,2
b00012,boundary,width_2_+0,pwritev_full_1m,baseline,4,ABBA,k_pwrite,process,280,2,2
b00013,boundary,width_2_+0,copy_contiguous,candidate,1,BAAB,copy_contiguous,process,280,2,2
b00014,boundary,width_2_+0,copy_contiguous,baseline,2,BAAB,k_pwrite,process,280,2,2
b00015,boundary,width_2_+0,copy_contiguous,baseline,3,BAAB,k_pwrite,process,280,2,2
b00016,boundary,width_2_+0,copy_contiguous,candidate,4,BAAB,copy_contiguous,process,280,2,2
b00017,boundary,width_2_+1,pwritev_full_1m,baseline,1,ABBA,k_pwrite,process,420,3,3
b00018,boundary,width_2_+1,pwritev_full_1m,candidate,2,ABBA,pwritev_full_1m,process,420,3,3
b00019,boundary,width_2_+1,pwritev_full_1m,candidate,3,ABBA,pwritev_full_1m,process,420,3,3
b00020,boundary,width_2_+1,pwritev_full_1m,baseline,4,ABBA,k_pwrite,process,420,3,3
b00021,boundary,width_2_+1,copy_contiguous,candidate,1,BAAB,copy_contiguous,process,420,3,3
b00022,boundary,width_2_+1,copy_contiguous,baseline,2,BAAB,k_pwrite,process,420,3,3
b00023,boundary,width_2_+1,copy_contiguous,baseline,3,BAAB,k_pwrite,process,420,3,3
b00024,boundary,width_2_+1,copy_contiguous,candidate,4,BAAB,copy_contiguous,process,420,3,3
b00025,boundary,width_4_-1,pwritev_full_1m,baseline,1,ABBA,k_pwrite,process,420,3,3
b00026,boundary,width_4_-1,pwritev_full_1m,candidate,2,ABBA,pwritev_full_1m,process,420,3,3
b00027,boundary,width_4_-1,pwritev_full_1m,candidate,3,ABBA,pwritev_full_1m,process,420,3,3
b00028,boundary,width_4_-1,pwritev_full_1m,baseline,4,ABBA,k_pwrite,process,420,3,3
b00029,boundary,width_4_-1,copy_contiguous,candidate,1,BAAB,copy_contiguous,process,420,3,3
b00030,boundary,width_4_-1,copy_contiguous,baseline,2,BAAB,k_pwrite,process,420,3,3
b00031,boundary,width_4_-1,copy_contiguous,baseline,3,BAAB,k_pwrite,process,420,3,3
b00032,boundary,width_4_-1,copy_contiguous,candidate,4,BAAB,copy_contiguous,process,420,3,3
b00033,boundary,width_4_+0,pwritev_full_1m,baseline,1,ABBA,k_pwrite,process,560,4,4
b00034,boundary,width_4_+0,pwritev_full_1m,candidate,2,ABBA,pwritev_full_1m,process,560,4,4
b00035,boundary,width_4_+0,pwritev_full_1m,candidate,3,ABBA,pwritev_full_1m,process,560,4,4
b00036,boundary,width_4_+0,pwritev_full_1m,baseline,4,ABBA,k_pwrite,process,560,4,4
b00037,boundary,width_4_+0,copy_contiguous,candidate,1,BAAB,copy_contiguous,process,560,4,4
b00038,boundary,width_4_+0,copy_contiguous,baseline,2,BAAB,k_pwrite,process,560,4,4
b00039,boundary,width_4_+0,copy_contiguous,baseline,3,BAAB,k_pwrite,process,560,4,4
b00040,boundary,width_4_+0,copy_contiguous,candidate,4,BAAB,copy_contiguous,process,560,4,4
b00041,boundary,width_4_+1,pwritev_full_1m,baseline,1,ABBA,k_pwrite,process,700,5,4
b00042,boundary,width_4_+1,pwritev_full_1m,candidate,2,ABBA,pwritev_full_1m,process,700,5,4
b00043,boundary,width_4_+1,pwritev_full_1m,candidate,3,ABBA,pwritev_full_1m,process,700,5,4
b00044,boundary,width_4_+1,pwritev_full_1m,baseline,4,ABBA,k_pwrite,process,700,5,4
b00045,boundary,width_4_+1,copy_contiguous,candidate,1,BAAB,copy_contiguous,process,700,5,4
b00046,boundary,width_4_+1,copy_contiguous,baseline,2,BAAB,k_pwrite,process,700,5,4
b00047,boundary,width_4_+1,copy_contiguous,baseline,3,BAAB,k_pwrite,process,700,5,4
b00048,boundary,width_4_+1,copy_contiguous,candidate,4,BAAB,copy_contiguous,process,700,5,4
b00049,boundary,width_8_-1,pwritev_full_1m,baseline,1,ABBA,k_pwrite,process,980,7,4
b00050,boundary,width_8_-1,pwritev_full_1m,candidate,2,ABBA,pwritev_full_1m,process,980,7,4
b00051,boundary,width_8_-1,pwritev_full_1m,candidate,3,ABBA,pwritev_full_1m,process,980,7,4
b00052,boundary,width_8_-1,pwritev_full_1m,baseline,4,ABBA,k_pwrite,process,980,7,4
b00053,boundary,width_8_-1,copy_contiguous,candidate,1,BAAB,copy_contiguous,process,980,7,4
b00054,boundary,width_8_-1,copy_contiguous,baseline,2,BAAB,k_pwrite,process,980,7,4
b00055,boundary,width_8_-1,copy_contiguous,baseline,3,BAAB,k_pwrite,process,980,7,4
b00056,boundary,width_8_-1,copy_contiguous,candidate,4,BAAB,copy_contiguous,process,980,7,4
b00057,boundary,width_8_+0,pwritev_full_1m,baseline,1,ABBA,k_pwrite,process,1120,8,4
b00058,boundary,width_8_+0,pwritev_full_1m,candidate,2,ABBA,pwritev_full_1m,process,1120,8,4
b00059,boundary,width_8_+0,pwritev_full_1m,candidate,3,ABBA,pwritev_full_1m,process,1120,8,4
b00060,boundary,width_8_+0,pwritev_full_1m,baseline,4,ABBA,k_pwrite,process,1120,8,4
b00061,boundary,width_8_+0,copy_contiguous,candidate,1,BAAB,copy_contiguous,process,1120,8,4
b00062,boundary,width_8_+0,copy_contiguous,baseline,2,BAAB,k_pwrite,process,1120,8,4
b00063,boundary,width_8_+0,copy_contiguous,baseline,3,BAAB,k_pwrite,process,1120,8,4
b00064,boundary,width_8_+0,copy_contiguous,candidate,4,BAAB,copy_contiguous,process,1120,8,4
b00065,boundary,width_8_+1,pwritev_full_1m,baseline,1,ABBA,k_pwrite,process,1260,9,4
b00066,boundary,width_8_+1,pwritev_full_1m,candidate,2,ABBA,pwritev_full_1m,process,1260,9,4
b00067,boundary,width_8_+1,pwritev_full_1m,candidate,3,ABBA,pwritev_full_1m,process,1260,9,4
b00068,boundary,width_8_+1,pwritev_full_1m,baseline,4,ABBA,k_pwrite,process,1260,9,4
b00069,boundary,width_8_+1,copy_contiguous,candidate,1,BAAB,copy_contiguous,process,1260,9,4
b00070,boundary,width_8_+1,copy_contiguous,baseline,2,BAAB,k_pwrite,process,1260,9,4
b00071,boundary,width_8_+1,copy_contiguous,baseline,3,BAAB,k_pwrite,process,1260,9,4
b00072,boundary,width_8_+1,copy_contiguous,candidate,4,BAAB,copy_contiguous,process,1260,9,4
b00073,boundary,width_16_-1,pwritev_full_1m,baseline,1,ABBA,k_pwrite,process,2100,15,4
b00074,boundary,width_16_-1,pwritev_full_1m,candidate,2,ABBA,pwritev_full_1m,process,2100,15,4
b00075,boundary,width_16_-1,pwritev_full_1m,candidate,3,ABBA,pwritev_full_1m,process,2100,15,4
b00076,boundary,width_16_-1,pwritev_full_1m,baseline,4,ABBA,k_pwrite,process,2100,15,4
b00077,boundary,width_16_-1,copy_contiguous,candidate,1,BAAB,copy_contiguous,process,2100,15,4
b00078,boundary,width_16_-1,copy_contiguous,baseline,2,BAAB,k_pwrite,process,2100,15,4
b00079,boundary,width_16_-1,copy_contiguous,baseline,3,BAAB,k_pwrite,process,2100,15,4
b00080,boundary,width_16_-1,copy_contiguous,candidate,4,BAAB,copy_contiguous,process,2100,15,4
b00081,boundary,width_16_+0,pwritev_full_1m,baseline,1,ABBA,k_pwrite,process,2240,16,4
b00082,boundary,width_16_+0,pwritev_full_1m,candidate,2,ABBA,pwritev_full_1m,process,2240,16,4
b00083,boundary,width_16_+0,pwritev_full_1m,candidate,3,ABBA,pwritev_full_1m,process,2240,16,4
b00084,boundary,width_16_+0,pwritev_full_1m,baseline,4,ABBA,k_pwrite,process,2240,16,4
b00085,boundary,width_16_+0,copy_contiguous,candidate,1,BAAB,copy_contiguous,process,2240,16,4
b00086,boundary,width_16_+0,copy_contiguous,baseline,2,BAAB,k_pwrite,process,2240,16,4
b00087,boundary,width_16_+0,copy_contiguous,baseline,3,BAAB,k_pwrite,process,2240,16,4
b00088,boundary,width_16_+0,copy_contiguous,candidate,4,BAAB,copy_contiguous,process,2240,16,4
b00089,boundary,width_16_+1,pwritev_full_1m,baseline,1,ABBA,k_pwrite,process,2380,17,4
b00090,boundary,width_16_+1,pwritev_full_1m,candidate,2,ABBA,pwritev_full_1m,process,2380,17,4
b00091,boundary,width_16_+1,pwritev_full_1m,candidate,3,ABBA,pwritev_full_1m,process,2380,17,4
b00092,boundary,width_16_+1,pwritev_full_1m,baseline,4,ABBA,k_pwrite,process,2380,17,4
b00093,boundary,width_16_+1,copy_contiguous,candidate,1,BAAB,copy_contiguous,process,2380,17,4
b00094,boundary,width_16_+1,copy_contiguous,baseline,2,BAAB,k_pwrite,process,2380,17,4
b00095,boundary,width_16_+1,copy_contiguous,baseline,3,BAAB,k_pwrite,process,2380,17,4
b00096,boundary,width_16_+1,copy_contiguous,candidate,4,BAAB,copy_contiguous,process,2380,17,4
b00097,boundary,bytes_65536_-1,pwritev_full_1m,baseline,1,ABBA,k_pwrite,process,65535,64,4
b00098,boundary,bytes_65536_-1,pwritev_full_1m,candidate,2,ABBA,pwritev_full_1m,process,65535,64,4
b00099,boundary,bytes_65536_-1,pwritev_full_1m,candidate,3,ABBA,pwritev_full_1m,process,65535,64,4
b00100,boundary,bytes_65536_-1,pwritev_full_1m,baseline,4,ABBA,k_pwrite,process,65535,64,4
b00101,boundary,bytes_65536_-1,copy_contiguous,candidate,1,BAAB,copy_contiguous,process,65535,64,4
b00102,boundary,bytes_65536_-1,copy_contiguous,baseline,2,BAAB,k_pwrite,process,65535,64,4
b00103,boundary,bytes_65536_-1,copy_contiguous,baseline,3,BAAB,k_pwrite,process,65535,64,4
b00104,boundary,bytes_65536_-1,copy_contiguous,candidate,4,BAAB,copy_contiguous,process,65535,64,4
b00105,boundary,bytes_65536_+0,pwritev_full_1m,baseline,1,ABBA,k_pwrite,process,65536,64,4
b00106,boundary,bytes_65536_+0,pwritev_full_1m,candidate,2,ABBA,pwritev_full_1m,process,65536,64,4
b00107,boundary,bytes_65536_+0,pwritev_full_1m,candidate,3,ABBA,pwritev_full_1m,process,65536,64,4
b00108,boundary,bytes_65536_+0,pwritev_full_1m,baseline,4,ABBA,k_pwrite,process,65536,64,4
b00109,boundary,bytes_65536_+0,copy_contiguous,candidate,1,BAAB,copy_contiguous,process,65536,64,4
b00110,boundary,bytes_65536_+0,copy_contiguous,baseline,2,BAAB,k_pwrite,process,65536,64,4
b00111,boundary,bytes_65536_+0,copy_contiguous,baseline,3,BAAB,k_pwrite,process,65536,64,4
b00112,boundary,bytes_65536_+0,copy_contiguous,candidate,4,BAAB,copy_contiguous,process,65536,64,4
b00113,boundary,bytes_65536_+1,pwritev_full_1m,baseline,1,ABBA,k_pwrite,process,65537,64,4
b00114,boundary,bytes_65536_+1,pwritev_full_1m,candidate,2,ABBA,pwritev_full_1m,process,65537,64,4
b00115,boundary,bytes_65536_+1,pwritev_full_1m,candidate,3,ABBA,pwritev_full_1m,process,65537,64,4
b00116,boundary,bytes_65536_+1,pwritev_full_1m,baseline,4,ABBA,k_pwrite,process,65537,64,4
b00117,boundary,bytes_65536_+1,copy_contiguous,candidate,1,BAAB,copy_contiguous,process,65537,64,4
b00118,boundary,bytes_65536_+1,copy_contiguous,baseline,2,BAAB,k_pwrite,process,65537,64,4
b00119,boundary,bytes_65536_+1,copy_contiguous,baseline,3,BAAB,k_pwrite,process,65537,64,4
b00120,boundary,bytes_65536_+1,copy_contiguous,candidate,4,BAAB,copy_contiguous,process,65537,64,4
b00121,boundary,bytes_262144_-1,pwritev_full_1m,baseline,1,ABBA,k_pwrite,process,262143,256,4
b00122,boundary,bytes_262144_-1,pwritev_full_1m,candidate,2,ABBA,pwritev_full_1m,process,262143,256,4
b00123,boundary,bytes_262144_-1,pwritev_full_1m,candidate,3,ABBA,pwritev_full_1m,process,262143,256,4
b00124,boundary,bytes_262144_-1,pwritev_full_1m,baseline,4,ABBA,k_pwrite,process,262143,256,4
b00125,boundary,bytes_262144_-1,pwritev_64_1m,candidate,1,BAAB,pwritev_64_1m,process,262143,256,4
b00126,boundary,bytes_262144_-1,pwritev_64_1m,baseline,2,BAAB,k_pwrite,process,262143,256,4
b00127,boundary,bytes_262144_-1,pwritev_64_1m,baseline,3,BAAB,k_pwrite,process,262143,256,4
b00128,boundary,bytes_262144_-1,pwritev_64_1m,candidate,4,BAAB,pwritev_64_1m,process,262143,256,4
b00129,boundary,bytes_262144_-1,copy_contiguous,baseline,1,ABBA,k_pwrite,process,262143,256,4
b00130,boundary,bytes_262144_-1,copy_contiguous,candidate,2,ABBA,copy_contiguous,process,262143,256,4
b00131,boundary,bytes_262144_-1,copy_contiguous,candidate,3,ABBA,copy_contiguous,process,262143,256,4
b00132,boundary,bytes_262144_-1,copy_contiguous,baseline,4,ABBA,k_pwrite,process,262143,256,4
b00133,boundary,bytes_262144_+0,pwritev_full_1m,candidate,1,BAAB,pwritev_full_1m,process,262144,256,4
b00134,boundary,bytes_262144_+0,pwritev_full_1m,baseline,2,BAAB,k_pwrite,process,262144,256,4
b00135,boundary,bytes_262144_+0,pwritev_full_1m,baseline,3,BAAB,k_pwrite,process,262144,256,4
b00136,boundary,bytes_262144_+0,pwritev_full_1m,candidate,4,BAAB,pwritev_full_1m,process,262144,256,4
b00137,boundary,bytes_262144_+0,pwritev_64_1m,baseline,1,ABBA,k_pwrite,process,262144,256,4
b00138,boundary,bytes_262144_+0,pwritev_64_1m,candidate,2,ABBA,pwritev_64_1m,process,262144,256,4
b00139,boundary,bytes_262144_+0,pwritev_64_1m,candidate,3,ABBA,pwritev_64_1m,process,262144,256,4
b00140,boundary,bytes_262144_+0,pwritev_64_1m,baseline,4,ABBA,k_pwrite,process,262144,256,4
b00141,boundary,bytes_262144_+0,copy_contiguous,candidate,1,BAAB,copy_contiguous,process,262144,256,4
b00142,boundary,bytes_262144_+0,copy_contiguous,baseline,2,BAAB,k_pwrite,process,262144,256,4
b00143,boundary,bytes_262144_+0,copy_contiguous,baseline,3,BAAB,k_pwrite,process,262144,256,4
b00144,boundary,bytes_262144_+0,copy_contiguous,candidate,4,BAAB,copy_contiguous,process,262144,256,4
b00145,boundary,bytes_262144_+1,pwritev_full_1m,baseline,1,ABBA,k_pwrite,process,262145,256,4
b00146,boundary,bytes_262144_+1,pwritev_full_1m,candidate,2,ABBA,pwritev_full_1m,process,262145,256,4
b00147,boundary,bytes_262144_+1,pwritev_full_1m,candidate,3,ABBA,pwritev_full_1m,process,262145,256,4
b00148,boundary,bytes_262144_+1,pwritev_full_1m,baseline,4,ABBA,k_pwrite,process,262145,256,4
b00149,boundary,bytes_262144_+1,pwritev_64_1m,candidate,1,BAAB,pwritev_64_1m,process,262145,256,4
b00150,boundary,bytes_262144_+1,pwritev_64_1m,baseline,2,BAAB,k_pwrite,process,262145,256,4
b00151,boundary,bytes_262144_+1,pwritev_64_1m,baseline,3,BAAB,k_pwrite,process,262145,256,4
b00152,boundary,bytes_262144_+1,pwritev_64_1m,candidate,4,BAAB,pwritev_64_1m,process,262145,256,4
b00153,boundary,bytes_262144_+1,copy_contiguous,baseline,1,ABBA,k_pwrite,process,262145,256,4
b00154,boundary,bytes_262144_+1,copy_contiguous,candidate,2,ABBA,copy_contiguous,process,262145,256,4
b00155,boundary,bytes_262144_+1,copy_contiguous,candidate,3,ABBA,copy_contiguous,process,262145,256,4
b00156,boundary,bytes_262144_+1,copy_contiguous,baseline,4,ABBA,k_pwrite,process,262145,256,4
b00157,boundary,bytes_1048576_-1,pwritev_full_1m,candidate,1,BAAB,pwritev_full_1m,process,1048575,256,4
b00158,boundary,bytes_1048576_-1,pwritev_full_1m,baseline,2,BAAB,k_pwrite,process,1048575,256,4
b00159,boundary,bytes_1048576_-1,pwritev_full_1m,baseline,3,BAAB,k_pwrite,process,1048575,256,4
b00160,boundary,bytes_1048576_-1,pwritev_full_1m,candidate,4,BAAB,pwritev_full_1m,process,1048575,256,4
b00161,boundary,bytes_1048576_-1,pwritev_64_1m,baseline,1,ABBA,k_pwrite,process,1048575,256,4
b00162,boundary,bytes_1048576_-1,pwritev_64_1m,candidate,2,ABBA,pwritev_64_1m,process,1048575,256,4
b00163,boundary,bytes_1048576_-1,pwritev_64_1m,candidate,3,ABBA,pwritev_64_1m,process,1048575,256,4
b00164,boundary,bytes_1048576_-1,pwritev_64_1m,baseline,4,ABBA,k_pwrite,process,1048575,256,4
b00165,boundary,bytes_1048576_-1,copy_contiguous,candidate,1,BAAB,copy_contiguous,process,1048575,256,4
b00166,boundary,bytes_1048576_-1,copy_contiguous,baseline,2,BAAB,k_pwrite,process,1048575,256,4
b00167,boundary,bytes_1048576_-1,copy_contiguous,baseline,3,BAAB,k_pwrite,process,1048575,256,4
b00168,boundary,bytes_1048576_-1,copy_contiguous,candidate,4,BAAB,copy_contiguous,process,1048575,256,4
b00169,boundary,bytes_1048576_+0,pwritev_full_1m,baseline,1,ABBA,k_pwrite,process,1048576,256,4
b00170,boundary,bytes_1048576_+0,pwritev_full_1m,candidate,2,ABBA,pwritev_full_1m,process,1048576,256,4
b00171,boundary,bytes_1048576_+0,pwritev_full_1m,candidate,3,ABBA,pwritev_full_1m,process,1048576,256,4
b00172,boundary,bytes_1048576_+0,pwritev_full_1m,baseline,4,ABBA,k_pwrite,process,1048576,256,4
b00173,boundary,bytes_1048576_+0,pwritev_64_1m,candidate,1,BAAB,pwritev_64_1m,process,1048576,256,4
b00174,boundary,bytes_1048576_+0,pwritev_64_1m,baseline,2,BAAB,k_pwrite,process,1048576,256,4
b00175,boundary,bytes_1048576_+0,pwritev_64_1m,baseline,3,BAAB,k_pwrite,process,1048576,256,4
b00176,boundary,bytes_1048576_+0,pwritev_64_1m,candidate,4,BAAB,pwritev_64_1m,process,1048576,256,4
b00177,boundary,bytes_1048576_+0,copy_contiguous,baseline,1,ABBA,k_pwrite,process,1048576,256,4
b00178,boundary,bytes_1048576_+0,copy_contiguous,candidate,2,ABBA,copy_contiguous,process,1048576,256,4
b00179,boundary,bytes_1048576_+0,copy_contiguous,candidate,3,ABBA,copy_contiguous,process,1048576,256,4
b00180,boundary,bytes_1048576_+0,copy_contiguous,baseline,4,ABBA,k_pwrite,process,1048576,256,4
b00181,boundary,bytes_1048576_+1,pwritev_full_1m,candidate,1,BAAB,pwritev_full_1m,process,1048577,256,4
b00182,boundary,bytes_1048576_+1,pwritev_full_1m,baseline,2,BAAB,k_pwrite,process,1048577,256,4
b00183,boundary,bytes_1048576_+1,pwritev_full_1m,baseline,3,BAAB,k_pwrite,process,1048577,256,4
b00184,boundary,bytes_1048576_+1,pwritev_full_1m,candidate,4,BAAB,pwritev_full_1m,process,1048577,256,4
b00185,boundary,bytes_1048576_+1,pwritev_full_4m,baseline,1,ABBA,k_pwrite,process,1048577,256,4
b00186,boundary,bytes_1048576_+1,pwritev_full_4m,candidate,2,ABBA,pwritev_full_4m,process,1048577,256,4
b00187,boundary,bytes_1048576_+1,pwritev_full_4m,candidate,3,ABBA,pwritev_full_4m,process,1048577,256,4
b00188,boundary,bytes_1048576_+1,pwritev_full_4m,baseline,4,ABBA,k_pwrite,process,1048577,256,4
b00189,boundary,bytes_1048576_+1,pwritev_64_1m,candidate,1,BAAB,pwritev_64_1m,process,1048577,256,4
b00190,boundary,bytes_1048576_+1,pwritev_64_1m,baseline,2,BAAB,k_pwrite,process,1048577,256,4
b00191,boundary,bytes_1048576_+1,pwritev_64_1m,baseline,3,BAAB,k_pwrite,process,1048577,256,4
b00192,boundary,bytes_1048576_+1,pwritev_64_1m,candidate,4,BAAB,pwritev_64_1m,process,1048577,256,4
b00193,boundary,bytes_1048576_+1,copy_contiguous,baseline,1,ABBA,k_pwrite,process,1048577,256,4
b00194,boundary,bytes_1048576_+1,copy_contiguous,candidate,2,ABBA,copy_contiguous,process,1048577,256,4
b00195,boundary,bytes_1048576_+1,copy_contiguous,candidate,3,ABBA,copy_contiguous,process,1048577,256,4
b00196,boundary,bytes_1048576_+1,copy_contiguous,baseline,4,ABBA,k_pwrite,process,1048577,256,4
b00197,boundary,bytes_4194304_-1,pwritev_full_1m,candidate,1,BAAB,pwritev_full_1m,process,4194303,1024,4
b00198,boundary,bytes_4194304_-1,pwritev_full_1m,baseline,2,BAAB,k_pwrite,process,4194303,1024,4
b00199,boundary,bytes_4194304_-1,pwritev_full_1m,baseline,3,BAAB,k_pwrite,process,4194303,1024,4
b00200,boundary,bytes_4194304_-1,pwritev_full_1m,candidate,4,BAAB,pwritev_full_1m,process,4194303,1024,4
b00201,boundary,bytes_4194304_-1,pwritev_full_4m,baseline,1,ABBA,k_pwrite,process,4194303,1024,4
b00202,boundary,bytes_4194304_-1,pwritev_full_4m,candidate,2,ABBA,pwritev_full_4m,process,4194303,1024,4
b00203,boundary,bytes_4194304_-1,pwritev_full_4m,candidate,3,ABBA,pwritev_full_4m,process,4194303,1024,4
b00204,boundary,bytes_4194304_-1,pwritev_full_4m,baseline,4,ABBA,k_pwrite,process,4194303,1024,4
b00205,boundary,bytes_4194304_-1,pwritev_64_1m,candidate,1,BAAB,pwritev_64_1m,process,4194303,1024,4
b00206,boundary,bytes_4194304_-1,pwritev_64_1m,baseline,2,BAAB,k_pwrite,process,4194303,1024,4
b00207,boundary,bytes_4194304_-1,pwritev_64_1m,baseline,3,BAAB,k_pwrite,process,4194303,1024,4
b00208,boundary,bytes_4194304_-1,pwritev_64_1m,candidate,4,BAAB,pwritev_64_1m,process,4194303,1024,4
b00209,boundary,bytes_4194304_-1,copy_contiguous,baseline,1,ABBA,k_pwrite,process,4194303,1024,4
b00210,boundary,bytes_4194304_-1,copy_contiguous,candidate,2,ABBA,copy_contiguous,process,4194303,1024,4
b00211,boundary,bytes_4194304_-1,copy_contiguous,candidate,3,ABBA,copy_contiguous,process,4194303,1024,4
b00212,boundary,bytes_4194304_-1,copy_contiguous,baseline,4,ABBA,k_pwrite,process,4194303,1024,4
b00213,boundary,bytes_4194304_+0,pwritev_full_1m,candidate,1,BAAB,pwritev_full_1m,process,4194304,1024,4
b00214,boundary,bytes_4194304_+0,pwritev_full_1m,baseline,2,BAAB,k_pwrite,process,4194304,1024,4
b00215,boundary,bytes_4194304_+0,pwritev_full_1m,baseline,3,BAAB,k_pwrite,process,4194304,1024,4
b00216,boundary,bytes_4194304_+0,pwritev_full_1m,candidate,4,BAAB,pwritev_full_1m,process,4194304,1024,4
b00217,boundary,bytes_4194304_+0,pwritev_full_4m,baseline,1,ABBA,k_pwrite,process,4194304,1024,4
b00218,boundary,bytes_4194304_+0,pwritev_full_4m,candidate,2,ABBA,pwritev_full_4m,process,4194304,1024,4
b00219,boundary,bytes_4194304_+0,pwritev_full_4m,candidate,3,ABBA,pwritev_full_4m,process,4194304,1024,4
b00220,boundary,bytes_4194304_+0,pwritev_full_4m,baseline,4,ABBA,k_pwrite,process,4194304,1024,4
b00221,boundary,bytes_4194304_+0,pwritev_64_1m,candidate,1,BAAB,pwritev_64_1m,process,4194304,1024,4
b00222,boundary,bytes_4194304_+0,pwritev_64_1m,baseline,2,BAAB,k_pwrite,process,4194304,1024,4
b00223,boundary,bytes_4194304_+0,pwritev_64_1m,baseline,3,BAAB,k_pwrite,process,4194304,1024,4
b00224,boundary,bytes_4194304_+0,pwritev_64_1m,candidate,4,BAAB,pwritev_64_1m,process,4194304,1024,4
b00225,boundary,bytes_4194304_+0,copy_contiguous,baseline,1,ABBA,k_pwrite,process,4194304,1024,4
b00226,boundary,bytes_4194304_+0,copy_contiguous,candidate,2,ABBA,copy_contiguous,process,4194304,1024,4
b00227,boundary,bytes_4194304_+0,copy_contiguous,candidate,3,ABBA,copy_contiguous,process,4194304,1024,4
b00228,boundary,bytes_4194304_+0,copy_contiguous,baseline,4,ABBA,k_pwrite,process,4194304,1024,4
b00229,boundary,bytes_4194304_+1,pwritev_full_1m,candidate,1,BAAB,pwritev_full_1m,process,4194305,1024,4
b00230,boundary,bytes_4194304_+1,pwritev_full_1m,baseline,2,BAAB,k_pwrite,process,4194305,1024,4
b00231,boundary,bytes_4194304_+1,pwritev_full_1m,baseline,3,BAAB,k_pwrite,process,4194305,1024,4
b00232,boundary,bytes_4194304_+1,pwritev_full_1m,candidate,4,BAAB,pwritev_full_1m,process,4194305,1024,4
b00233,boundary,bytes_4194304_+1,pwritev_full_4m,baseline,1,ABBA,k_pwrite,process,4194305,1024,4
b00234,boundary,bytes_4194304_+1,pwritev_full_4m,candidate,2,ABBA,pwritev_full_4m,process,4194305,1024,4
b00235,boundary,bytes_4194304_+1,pwritev_full_4m,candidate,3,ABBA,pwritev_full_4m,process,4194305,1024,4
b00236,boundary,bytes_4194304_+1,pwritev_full_4m,baseline,4,ABBA,k_pwrite,process,4194305,1024,4
b00237,boundary,bytes_4194304_+1,pwritev_full_8m,candidate,1,BAAB,pwritev_full_8m,process,4194305,1024,4
b00238,boundary,bytes_4194304_+1,pwritev_full_8m,baseline,2,BAAB,k_pwrite,process,4194305,1024,4
b00239,boundary,bytes_4194304_+1,pwritev_full_8m,baseline,3,BAAB,k_pwrite,process,4194305,1024,4
b00240,boundary,bytes_4194304_+1,pwritev_full_8m,candidate,4,BAAB,pwritev_full_8m,process,4194305,1024,4
b00241,boundary,bytes_4194304_+1,pwritev_256_1m,baseline,1,ABBA,k_pwrite,process,4194305,1024,4
b00242,boundary,bytes_4194304_+1,pwritev_256_1m,candidate,2,ABBA,pwritev_256_1m,process,4194305,1024,4
b00243,boundary,bytes_4194304_+1,pwritev_256_1m,candidate,3,ABBA,pwritev_256_1m,process,4194305,1024,4
b00244,boundary,bytes_4194304_+1,pwritev_256_1m,baseline,4,ABBA,k_pwrite,process,4194305,1024,4
b00245,boundary,bytes_4194304_+1,pwritev_256_4m,candidate,1,BAAB,pwritev_256_4m,process,4194305,1024,4
b00246,boundary,bytes_4194304_+1,pwritev_256_4m,baseline,2,BAAB,k_pwrite,process,4194305,1024,4
b00247,boundary,bytes_4194304_+1,pwritev_256_4m,baseline,3,BAAB,k_pwrite,process,4194305,1024,4
b00248,boundary,bytes_4194304_+1,pwritev_256_4m,candidate,4,BAAB,pwritev_256_4m,process,4194305,1024,4
b00249,boundary,bytes_4194304_+1,pwritev_64_1m,baseline,1,ABBA,k_pwrite,process,4194305,1024,4
b00250,boundary,bytes_4194304_+1,pwritev_64_1m,candidate,2,ABBA,pwritev_64_1m,process,4194305,1024,4
b00251,boundary,bytes_4194304_+1,pwritev_64_1m,candidate,3,ABBA,pwritev_64_1m,process,4194305,1024,4
b00252,boundary,bytes_4194304_+1,pwritev_64_1m,baseline,4,ABBA,k_pwrite,process,4194305,1024,4
b00253,boundary,bytes_4194304_+1,copy_contiguous,candidate,1,BAAB,copy_contiguous,process,4194305,1024,4
b00254,boundary,bytes_4194304_+1,copy_contiguous,baseline,2,BAAB,k_pwrite,process,4194305,1024,4
b00255,boundary,bytes_4194304_+1,copy_contiguous,baseline,3,BAAB,k_pwrite,process,4194305,1024,4
b00256,boundary,bytes_4194304_+1,copy_contiguous,candidate,4,BAAB,copy_contiguous,process,4194305,1024,4
b00257,boundary,bytes_8388608_-1,pwritev_full_1m,baseline,1,ABBA,k_pwrite,process,8388607,1024,4
b00258,boundary,bytes_8388608_-1,pwritev_full_1m,candidate,2,ABBA,pwritev_full_1m,process,8388607,1024,4
b00259,boundary,bytes_8388608_-1,pwritev_full_1m,candidate,3,ABBA,pwritev_full_1m,process,8388607,1024,4
b00260,boundary,bytes_8388608_-1,pwritev_full_1m,baseline,4,ABBA,k_pwrite,process,8388607,1024,4
b00261,boundary,bytes_8388608_-1,pwritev_full_4m,candidate,1,BAAB,pwritev_full_4m,process,8388607,1024,4
b00262,boundary,bytes_8388608_-1,pwritev_full_4m,baseline,2,BAAB,k_pwrite,process,8388607,1024,4
b00263,boundary,bytes_8388608_-1,pwritev_full_4m,baseline,3,BAAB,k_pwrite,process,8388607,1024,4
b00264,boundary,bytes_8388608_-1,pwritev_full_4m,candidate,4,BAAB,pwritev_full_4m,process,8388607,1024,4
b00265,boundary,bytes_8388608_-1,pwritev_full_8m,baseline,1,ABBA,k_pwrite,process,8388607,1024,4
b00266,boundary,bytes_8388608_-1,pwritev_full_8m,candidate,2,ABBA,pwritev_full_8m,process,8388607,1024,4
b00267,boundary,bytes_8388608_-1,pwritev_full_8m,candidate,3,ABBA,pwritev_full_8m,process,8388607,1024,4
b00268,boundary,bytes_8388608_-1,pwritev_full_8m,baseline,4,ABBA,k_pwrite,process,8388607,1024,4
b00269,boundary,bytes_8388608_-1,pwritev_256_4m,candidate,1,BAAB,pwritev_256_4m,process,8388607,1024,4
b00270,boundary,bytes_8388608_-1,pwritev_256_4m,baseline,2,BAAB,k_pwrite,process,8388607,1024,4
b00271,boundary,bytes_8388608_-1,pwritev_256_4m,baseline,3,BAAB,k_pwrite,process,8388607,1024,4
b00272,boundary,bytes_8388608_-1,pwritev_256_4m,candidate,4,BAAB,pwritev_256_4m,process,8388607,1024,4
b00273,boundary,bytes_8388608_-1,pwritev_64_1m,baseline,1,ABBA,k_pwrite,process,8388607,1024,4
b00274,boundary,bytes_8388608_-1,pwritev_64_1m,candidate,2,ABBA,pwritev_64_1m,process,8388607,1024,4
b00275,boundary,bytes_8388608_-1,pwritev_64_1m,candidate,3,ABBA,pwritev_64_1m,process,8388607,1024,4
b00276,boundary,bytes_8388608_-1,pwritev_64_1m,baseline,4,ABBA,k_pwrite,process,8388607,1024,4
b00277,boundary,bytes_8388608_-1,copy_contiguous,candidate,1,BAAB,copy_contiguous,process,8388607,1024,4
b00278,boundary,bytes_8388608_-1,copy_contiguous,baseline,2,BAAB,k_pwrite,process,8388607,1024,4
b00279,boundary,bytes_8388608_-1,copy_contiguous,baseline,3,BAAB,k_pwrite,process,8388607,1024,4
b00280,boundary,bytes_8388608_-1,copy_contiguous,candidate,4,BAAB,copy_contiguous,process,8388607,1024,4
b00281,boundary,bytes_8388608_+0,pwritev_full_1m,baseline,1,ABBA,k_pwrite,process,8388608,1024,4
b00282,boundary,bytes_8388608_+0,pwritev_full_1m,candidate,2,ABBA,pwritev_full_1m,process,8388608,1024,4
b00283,boundary,bytes_8388608_+0,pwritev_full_1m,candidate,3,ABBA,pwritev_full_1m,process,8388608,1024,4
b00284,boundary,bytes_8388608_+0,pwritev_full_1m,baseline,4,ABBA,k_pwrite,process,8388608,1024,4
b00285,boundary,bytes_8388608_+0,pwritev_full_4m,candidate,1,BAAB,pwritev_full_4m,process,8388608,1024,4
b00286,boundary,bytes_8388608_+0,pwritev_full_4m,baseline,2,BAAB,k_pwrite,process,8388608,1024,4
b00287,boundary,bytes_8388608_+0,pwritev_full_4m,baseline,3,BAAB,k_pwrite,process,8388608,1024,4
b00288,boundary,bytes_8388608_+0,pwritev_full_4m,candidate,4,BAAB,pwritev_full_4m,process,8388608,1024,4
b00289,boundary,bytes_8388608_+0,pwritev_full_8m,baseline,1,ABBA,k_pwrite,process,8388608,1024,4
b00290,boundary,bytes_8388608_+0,pwritev_full_8m,candidate,2,ABBA,pwritev_full_8m,process,8388608,1024,4
b00291,boundary,bytes_8388608_+0,pwritev_full_8m,candidate,3,ABBA,pwritev_full_8m,process,8388608,1024,4
b00292,boundary,bytes_8388608_+0,pwritev_full_8m,baseline,4,ABBA,k_pwrite,process,8388608,1024,4
b00293,boundary,bytes_8388608_+0,pwritev_256_4m,candidate,1,BAAB,pwritev_256_4m,process,8388608,1024,4
b00294,boundary,bytes_8388608_+0,pwritev_256_4m,baseline,2,BAAB,k_pwrite,process,8388608,1024,4
b00295,boundary,bytes_8388608_+0,pwritev_256_4m,baseline,3,BAAB,k_pwrite,process,8388608,1024,4
b00296,boundary,bytes_8388608_+0,pwritev_256_4m,candidate,4,BAAB,pwritev_256_4m,process,8388608,1024,4
b00297,boundary,bytes_8388608_+0,pwritev_64_1m,baseline,1,ABBA,k_pwrite,process,8388608,1024,4
b00298,boundary,bytes_8388608_+0,pwritev_64_1m,candidate,2,ABBA,pwritev_64_1m,process,8388608,1024,4
b00299,boundary,bytes_8388608_+0,pwritev_64_1m,candidate,3,ABBA,pwritev_64_1m,process,8388608,1024,4
b00300,boundary,bytes_8388608_+0,pwritev_64_1m,baseline,4,ABBA,k_pwrite,process,8388608,1024,4
b00301,boundary,bytes_8388608_+0,copy_contiguous,candidate,1,BAAB,copy_contiguous,process,8388608,1024,4
b00302,boundary,bytes_8388608_+0,copy_contiguous,baseline,2,BAAB,k_pwrite,process,8388608,1024,4
b00303,boundary,bytes_8388608_+0,copy_contiguous,baseline,3,BAAB,k_pwrite,process,8388608,1024,4
b00304,boundary,bytes_8388608_+0,copy_contiguous,candidate,4,BAAB,copy_contiguous,process,8388608,1024,4
b00305,boundary,bytes_8388608_+1,pwritev_full_1m,baseline,1,ABBA,k_pwrite,process,8388609,1024,4
b00306,boundary,bytes_8388608_+1,pwritev_full_1m,candidate,2,ABBA,pwritev_full_1m,process,8388609,1024,4
b00307,boundary,bytes_8388608_+1,pwritev_full_1m,candidate,3,ABBA,pwritev_full_1m,process,8388609,1024,4
b00308,boundary,bytes_8388608_+1,pwritev_full_1m,baseline,4,ABBA,k_pwrite,process,8388609,1024,4
b00309,boundary,bytes_8388608_+1,pwritev_full_4m,candidate,1,BAAB,pwritev_full_4m,process,8388609,1024,4
b00310,boundary,bytes_8388608_+1,pwritev_full_4m,baseline,2,BAAB,k_pwrite,process,8388609,1024,4
b00311,boundary,bytes_8388608_+1,pwritev_full_4m,baseline,3,BAAB,k_pwrite,process,8388609,1024,4
b00312,boundary,bytes_8388608_+1,pwritev_full_4m,candidate,4,BAAB,pwritev_full_4m,process,8388609,1024,4
b00313,boundary,bytes_8388608_+1,pwritev_full_8m,baseline,1,ABBA,k_pwrite,process,8388609,1024,4
b00314,boundary,bytes_8388608_+1,pwritev_full_8m,candidate,2,ABBA,pwritev_full_8m,process,8388609,1024,4
b00315,boundary,bytes_8388608_+1,pwritev_full_8m,candidate,3,ABBA,pwritev_full_8m,process,8388609,1024,4
b00316,boundary,bytes_8388608_+1,pwritev_full_8m,baseline,4,ABBA,k_pwrite,process,8388609,1024,4
b00317,boundary,bytes_8388608_+1,pwritev_256_4m,candidate,1,BAAB,pwritev_256_4m,process,8388609,1024,4
b00318,boundary,bytes_8388608_+1,pwritev_256_4m,baseline,2,BAAB,k_pwrite,process,8388609,1024,4
b00319,boundary,bytes_8388608_+1,pwritev_256_4m,baseline,3,BAAB,k_pwrite,process,8388609,1024,4
b00320,boundary,bytes_8388608_+1,pwritev_256_4m,candidate,4,BAAB,pwritev_256_4m,process,8388609,1024,4
b00321,boundary,bytes_8388608_+1,pwritev_64_1m,baseline,1,ABBA,k_pwrite,process,8388609,1024,4
b00322,boundary,bytes_8388608_+1,pwritev_64_1m,candidate,2,ABBA,pwritev_64_1m,process,8388609,1024,4
b00323,boundary,bytes_8388608_+1,pwritev_64_1m,candidate,3,ABBA,pwritev_64_1m,process,8388609,1024,4
b00324,boundary,bytes_8388608_+1,pwritev_64_1m,baseline,4,ABBA,k_pwrite,process,8388609,1024,4
b00325,boundary,iov_64_-1,pwritev_full_1m,candidate,1,BAAB,pwritev_full_1m,process,8820,63,4
b00326,boundary,iov_64_-1,pwritev_full_1m,baseline,2,BAAB,k_pwrite,process,8820,63,4
b00327,boundary,iov_64_-1,pwritev_full_1m,baseline,3,BAAB,k_pwrite,process,8820,63,4
b00328,boundary,iov_64_-1,pwritev_full_1m,candidate,4,BAAB,pwritev_full_1m,process,8820,63,4
b00329,boundary,iov_64_-1,copy_contiguous,baseline,1,ABBA,k_pwrite,process,8820,63,4
b00330,boundary,iov_64_-1,copy_contiguous,candidate,2,ABBA,copy_contiguous,process,8820,63,4
b00331,boundary,iov_64_-1,copy_contiguous,candidate,3,ABBA,copy_contiguous,process,8820,63,4
b00332,boundary,iov_64_-1,copy_contiguous,baseline,4,ABBA,k_pwrite,process,8820,63,4
b00333,boundary,iov_64_+0,pwritev_full_1m,candidate,1,BAAB,pwritev_full_1m,process,8960,64,4
b00334,boundary,iov_64_+0,pwritev_full_1m,baseline,2,BAAB,k_pwrite,process,8960,64,4
b00335,boundary,iov_64_+0,pwritev_full_1m,baseline,3,BAAB,k_pwrite,process,8960,64,4
b00336,boundary,iov_64_+0,pwritev_full_1m,candidate,4,BAAB,pwritev_full_1m,process,8960,64,4
b00337,boundary,iov_64_+0,copy_contiguous,baseline,1,ABBA,k_pwrite,process,8960,64,4
b00338,boundary,iov_64_+0,copy_contiguous,candidate,2,ABBA,copy_contiguous,process,8960,64,4
b00339,boundary,iov_64_+0,copy_contiguous,candidate,3,ABBA,copy_contiguous,process,8960,64,4
b00340,boundary,iov_64_+0,copy_contiguous,baseline,4,ABBA,k_pwrite,process,8960,64,4
b00341,boundary,iov_64_+1,pwritev_full_1m,candidate,1,BAAB,pwritev_full_1m,process,9100,65,4
b00342,boundary,iov_64_+1,pwritev_full_1m,baseline,2,BAAB,k_pwrite,process,9100,65,4
b00343,boundary,iov_64_+1,pwritev_full_1m,baseline,3,BAAB,k_pwrite,process,9100,65,4
b00344,boundary,iov_64_+1,pwritev_full_1m,candidate,4,BAAB,pwritev_full_1m,process,9100,65,4
b00345,boundary,iov_64_+1,pwritev_64_1m,baseline,1,ABBA,k_pwrite,process,9100,65,4
b00346,boundary,iov_64_+1,pwritev_64_1m,candidate,2,ABBA,pwritev_64_1m,process,9100,65,4
b00347,boundary,iov_64_+1,pwritev_64_1m,candidate,3,ABBA,pwritev_64_1m,process,9100,65,4
b00348,boundary,iov_64_+1,pwritev_64_1m,baseline,4,ABBA,k_pwrite,process,9100,65,4
b00349,boundary,iov_64_+1,copy_contiguous,candidate,1,BAAB,copy_contiguous,process,9100,65,4
b00350,boundary,iov_64_+1,copy_contiguous,baseline,2,BAAB,k_pwrite,process,9100,65,4
b00351,boundary,iov_64_+1,copy_contiguous,baseline,3,BAAB,k_pwrite,process,9100,65,4
b00352,boundary,iov_64_+1,copy_contiguous,candidate,4,BAAB,copy_contiguous,process,9100,65,4
b00353,boundary,iov_256_-1,pwritev_full_1m,baseline,1,ABBA,k_pwrite,process,35700,255,4
b00354,boundary,iov_256_-1,pwritev_full_1m,candidate,2,ABBA,pwritev_full_1m,process,35700,255,4
b00355,boundary,iov_256_-1,pwritev_full_1m,candidate,3,ABBA,pwritev_full_1m,process,35700,255,4
b00356,boundary,iov_256_-1,pwritev_full_1m,baseline,4,ABBA,k_pwrite,process,35700,255,4
b00357,boundary,iov_256_-1,pwritev_64_1m,candidate,1,BAAB,pwritev_64_1m,process,35700,255,4
b00358,boundary,iov_256_-1,pwritev_64_1m,baseline,2,BAAB,k_pwrite,process,35700,255,4
b00359,boundary,iov_256_-1,pwritev_64_1m,baseline,3,BAAB,k_pwrite,process,35700,255,4
b00360,boundary,iov_256_-1,pwritev_64_1m,candidate,4,BAAB,pwritev_64_1m,process,35700,255,4
b00361,boundary,iov_256_-1,copy_contiguous,baseline,1,ABBA,k_pwrite,process,35700,255,4
b00362,boundary,iov_256_-1,copy_contiguous,candidate,2,ABBA,copy_contiguous,process,35700,255,4
b00363,boundary,iov_256_-1,copy_contiguous,candidate,3,ABBA,copy_contiguous,process,35700,255,4
b00364,boundary,iov_256_-1,copy_contiguous,baseline,4,ABBA,k_pwrite,process,35700,255,4
b00365,boundary,iov_256_+0,pwritev_full_1m,candidate,1,BAAB,pwritev_full_1m,process,35840,256,4
b00366,boundary,iov_256_+0,pwritev_full_1m,baseline,2,BAAB,k_pwrite,process,35840,256,4
b00367,boundary,iov_256_+0,pwritev_full_1m,baseline,3,BAAB,k_pwrite,process,35840,256,4
b00368,boundary,iov_256_+0,pwritev_full_1m,candidate,4,BAAB,pwritev_full_1m,process,35840,256,4
b00369,boundary,iov_256_+0,pwritev_64_1m,baseline,1,ABBA,k_pwrite,process,35840,256,4
b00370,boundary,iov_256_+0,pwritev_64_1m,candidate,2,ABBA,pwritev_64_1m,process,35840,256,4
b00371,boundary,iov_256_+0,pwritev_64_1m,candidate,3,ABBA,pwritev_64_1m,process,35840,256,4
b00372,boundary,iov_256_+0,pwritev_64_1m,baseline,4,ABBA,k_pwrite,process,35840,256,4
b00373,boundary,iov_256_+0,copy_contiguous,candidate,1,BAAB,copy_contiguous,process,35840,256,4
b00374,boundary,iov_256_+0,copy_contiguous,baseline,2,BAAB,k_pwrite,process,35840,256,4
b00375,boundary,iov_256_+0,copy_contiguous,baseline,3,BAAB,k_pwrite,process,35840,256,4
b00376,boundary,iov_256_+0,copy_contiguous,candidate,4,BAAB,copy_contiguous,process,35840,256,4
b00377,boundary,iov_256_+1,pwritev_full_1m,baseline,1,ABBA,k_pwrite,process,35980,257,4
b00378,boundary,iov_256_+1,pwritev_full_1m,candidate,2,ABBA,pwritev_full_1m,process,35980,257,4
b00379,boundary,iov_256_+1,pwritev_full_1m,candidate,3,ABBA,pwritev_full_1m,process,35980,257,4
b00380,boundary,iov_256_+1,pwritev_full_1m,baseline,4,ABBA,k_pwrite,process,35980,257,4
b00381,boundary,iov_256_+1,pwritev_256_1m,candidate,1,BAAB,pwritev_256_1m,process,35980,257,4
b00382,boundary,iov_256_+1,pwritev_256_1m,baseline,2,BAAB,k_pwrite,process,35980,257,4
b00383,boundary,iov_256_+1,pwritev_256_1m,baseline,3,BAAB,k_pwrite,process,35980,257,4
b00384,boundary,iov_256_+1,pwritev_256_1m,candidate,4,BAAB,pwritev_256_1m,process,35980,257,4
b00385,boundary,iov_256_+1,pwritev_64_1m,baseline,1,ABBA,k_pwrite,process,35980,257,4
b00386,boundary,iov_256_+1,pwritev_64_1m,candidate,2,ABBA,pwritev_64_1m,process,35980,257,4
b00387,boundary,iov_256_+1,pwritev_64_1m,candidate,3,ABBA,pwritev_64_1m,process,35980,257,4
b00388,boundary,iov_256_+1,pwritev_64_1m,baseline,4,ABBA,k_pwrite,process,35980,257,4
b00389,boundary,iov_256_+1,copy_contiguous,candidate,1,BAAB,copy_contiguous,process,35980,257,4
b00390,boundary,iov_256_+1,copy_contiguous,baseline,2,BAAB,k_pwrite,process,35980,257,4
b00391,boundary,iov_256_+1,copy_contiguous,baseline,3,BAAB,k_pwrite,process,35980,257,4
b00392,boundary,iov_256_+1,copy_contiguous,candidate,4,BAAB,copy_contiguous,process,35980,257,4
b00393,boundary,iov_1024_-1,pwritev_full_1m,baseline,1,ABBA,k_pwrite,process,143220,1023,4
b00394,boundary,iov_1024_-1,pwritev_full_1m,candidate,2,ABBA,pwritev_full_1m,process,143220,1023,4
b00395,boundary,iov_1024_-1,pwritev_full_1m,candidate,3,ABBA,pwritev_full_1m,process,143220,1023,4
b00396,boundary,iov_1024_-1,pwritev_full_1m,baseline,4,ABBA,k_pwrite,process,143220,1023,4
b00397,boundary,iov_1024_-1,pwritev_256_1m,candidate,1,BAAB,pwritev_256_1m,process,143220,1023,4
b00398,boundary,iov_1024_-1,pwritev_256_1m,baseline,2,BAAB,k_pwrite,process,143220,1023,4
b00399,boundary,iov_1024_-1,pwritev_256_1m,baseline,3,BAAB,k_pwrite,process,143220,1023,4
b00400,boundary,iov_1024_-1,pwritev_256_1m,candidate,4,BAAB,pwritev_256_1m,process,143220,1023,4
b00401,boundary,iov_1024_-1,pwritev_64_1m,baseline,1,ABBA,k_pwrite,process,143220,1023,4
b00402,boundary,iov_1024_-1,pwritev_64_1m,candidate,2,ABBA,pwritev_64_1m,process,143220,1023,4
b00403,boundary,iov_1024_-1,pwritev_64_1m,candidate,3,ABBA,pwritev_64_1m,process,143220,1023,4
b00404,boundary,iov_1024_-1,pwritev_64_1m,baseline,4,ABBA,k_pwrite,process,143220,1023,4
b00405,boundary,iov_1024_-1,copy_contiguous,candidate,1,BAAB,copy_contiguous,process,143220,1023,4
b00406,boundary,iov_1024_-1,copy_contiguous,baseline,2,BAAB,k_pwrite,process,143220,1023,4
b00407,boundary,iov_1024_-1,copy_contiguous,baseline,3,BAAB,k_pwrite,process,143220,1023,4
b00408,boundary,iov_1024_-1,copy_contiguous,candidate,4,BAAB,copy_contiguous,process,143220,1023,4
b00409,boundary,iov_1024_+0,pwritev_full_1m,baseline,1,ABBA,k_pwrite,process,143360,1024,4
b00410,boundary,iov_1024_+0,pwritev_full_1m,candidate,2,ABBA,pwritev_full_1m,process,143360,1024,4
b00411,boundary,iov_1024_+0,pwritev_full_1m,candidate,3,ABBA,pwritev_full_1m,process,143360,1024,4
b00412,boundary,iov_1024_+0,pwritev_full_1m,baseline,4,ABBA,k_pwrite,process,143360,1024,4
b00413,boundary,iov_1024_+0,pwritev_256_1m,candidate,1,BAAB,pwritev_256_1m,process,143360,1024,4
b00414,boundary,iov_1024_+0,pwritev_256_1m,baseline,2,BAAB,k_pwrite,process,143360,1024,4
b00415,boundary,iov_1024_+0,pwritev_256_1m,baseline,3,BAAB,k_pwrite,process,143360,1024,4
b00416,boundary,iov_1024_+0,pwritev_256_1m,candidate,4,BAAB,pwritev_256_1m,process,143360,1024,4
b00417,boundary,iov_1024_+0,pwritev_64_1m,baseline,1,ABBA,k_pwrite,process,143360,1024,4
b00418,boundary,iov_1024_+0,pwritev_64_1m,candidate,2,ABBA,pwritev_64_1m,process,143360,1024,4
b00419,boundary,iov_1024_+0,pwritev_64_1m,candidate,3,ABBA,pwritev_64_1m,process,143360,1024,4
b00420,boundary,iov_1024_+0,pwritev_64_1m,baseline,4,ABBA,k_pwrite,process,143360,1024,4
b00421,boundary,iov_1024_+0,copy_contiguous,candidate,1,BAAB,copy_contiguous,process,143360,1024,4
b00422,boundary,iov_1024_+0,copy_contiguous,baseline,2,BAAB,k_pwrite,process,143360,1024,4
b00423,boundary,iov_1024_+0,copy_contiguous,baseline,3,BAAB,k_pwrite,process,143360,1024,4
b00424,boundary,iov_1024_+0,copy_contiguous,candidate,4,BAAB,copy_contiguous,process,143360,1024,4
b00425,boundary,iov_1024_+1,pwritev_full_1m,baseline,1,ABBA,k_pwrite,process,143500,1025,4
b00426,boundary,iov_1024_+1,pwritev_full_1m,candidate,2,ABBA,pwritev_full_1m,process,143500,1025,4
b00427,boundary,iov_1024_+1,pwritev_full_1m,candidate,3,ABBA,pwritev_full_1m,process,143500,1025,4
b00428,boundary,iov_1024_+1,pwritev_full_1m,baseline,4,ABBA,k_pwrite,process,143500,1025,4
b00429,boundary,iov_1024_+1,pwritev_256_1m,candidate,1,BAAB,pwritev_256_1m,process,143500,1025,4
b00430,boundary,iov_1024_+1,pwritev_256_1m,baseline,2,BAAB,k_pwrite,process,143500,1025,4
b00431,boundary,iov_1024_+1,pwritev_256_1m,baseline,3,BAAB,k_pwrite,process,143500,1025,4
b00432,boundary,iov_1024_+1,pwritev_256_1m,candidate,4,BAAB,pwritev_256_1m,process,143500,1025,4
b00433,boundary,iov_1024_+1,pwritev_64_1m,baseline,1,ABBA,k_pwrite,process,143500,1025,4
b00434,boundary,iov_1024_+1,pwritev_64_1m,candidate,2,ABBA,pwritev_64_1m,process,143500,1025,4
b00435,boundary,iov_1024_+1,pwritev_64_1m,candidate,3,ABBA,pwritev_64_1m,process,143500,1025,4
b00436,boundary,iov_1024_+1,pwritev_64_1m,baseline,4,ABBA,k_pwrite,process,143500,1025,4
b00437,boundary,iov_1024_+1,copy_contiguous,candidate,1,BAAB,copy_contiguous,process,143500,1025,4
b00438,boundary,iov_1024_+1,copy_contiguous,baseline,2,BAAB,k_pwrite,process,143500,1025,4
b00439,boundary,iov_1024_+1,copy_contiguous,baseline,3,BAAB,k_pwrite,process,143500,1025,4
b00440,boundary,iov_1024_+1,copy_contiguous,candidate,4,BAAB,copy_contiguous,process,143500,1025,4
